Name,Twitter Handle,Wallet Address,Avatar
7xNickk,https://x.com/7xNickk,AmofvGJ59dgf5P85Pofip83pk7nZqrQRmSZvv5rRFVtf,/avatars/AmofvGJ59dgf5P85Pofip83pk7nZqrQRmSZvv5rRFVtf.png
Levis,https://x.com/LevisNFT,GwoFJFjUTUSWq2EwTz4P2Sznoq9XYLrf8t4q5kbTgZ1R,/avatars/GwoFJFjUTUSWq2EwTz4P2Sznoq9XYLrf8t4q5kbTgZ1R.png
ShockedJS,https://x.com/ShockedJS,6m5sW6EAPAHncxnzapi1ZVJNRb9RZHQ3Bj7FD84X9rAF,/avatars/6m5sW6EAPAHncxnzapi1ZVJNRb9RZHQ3Bj7FD84X9rAF.png
xunle,https://x.com/xunle111,4YzpSZpxDdjNf3unjkCtdWEsz2FL5mok7e5XQaDNqry8,/avatars/4YzpSZpxDdjNf3unjkCtdWEsz2FL5mok7e5XQaDNqry8.png
Oura,https://x.com/Oura456,4WPTQA7BB4iRdrPhgNpJihGcxKh8T43gLjMn5PbEVfQw,/avatars/4WPTQA7BB4iRdrPhgNpJihGcxKh8T43gLjMn5PbEVfQw.png
Lynk,https://x.com/lynk0x,CkPFGv2Wv1vwdWjtXioEgb8jhZQfs3eVZez3QCetu7xD,/avatars/CkPFGv2Wv1vwdWjtXioEgb8jhZQfs3eVZez3QCetu7xD.png
Monarch,https://x.com/MonarchBTC,4uTeAz9TmZ1J5bNkgGLvqAELvCHJwLZgo7Hxar2KAiyu,/avatars/4uTeAz9TmZ1J5bNkgGLvqAELvCHJwLZgo7Hxar2KAiyu.png
Insyder,https://x.com/insydercrypto,G3g1CKqKWSVEVURZDNMazDBv7YAhMNTjhJBVRTiKZygk,/avatars/G3g1CKqKWSVEVURZDNMazDBv7YAhMNTjhJBVRTiKZygk.png
LilMoonLambo,https://x.com/LilMoonLambo,GJyhzLoZAxZHZGPvF3V1wsyGUnoGSQ55n6hN6nHv7W8B,/avatars/GJyhzLoZAxZHZGPvF3V1wsyGUnoGSQ55n6hN6nHv7W8B.png
Phineas.SOL,https://x.com/Phineas_Sol,64ymeD9XTAkNJgHtXgrG6JCNZmBC9fSVcmgkL54pFikE,/avatars/64ymeD9XTAkNJgHtXgrG6JCNZmBC9fSVcmgkL54pFikE.png
Solstice,https://x.com/The__Solstice,GrD2umbfEBjQKFPDQvmmYNQ5eyRL9SAdWJj9FFMyeaDN,/avatars/GrD2umbfEBjQKFPDQvmmYNQ5eyRL9SAdWJj9FFMyeaDN.png
Hail,https://x.com/ignHail,HA1L7GhQfypSRdfBi3tCkkCVEdEcBVYqBSQCENCrwPuB,/avatars/HA1L7GhQfypSRdfBi3tCkkCVEdEcBVYqBSQCENCrwPuB.png
Jeets,https://x.com/ieatjeets,D1H83ueSw5Nxy5okxH7VBfV4jRnqAK5Mm1tm3JAj3m5t,/avatars/D1H83ueSw5Nxy5okxH7VBfV4jRnqAK5Mm1tm3JAj3m5t.png
Groovy,https://x.com/0xGroovy,34ZEH778zL8ctkLwxxERLX5ZnUu6MuFyX9CWrs8kucMw,/avatars/34ZEH778zL8ctkLwxxERLX5ZnUu6MuFyX9CWrs8kucMw.png
big bags bobby,https://x.com/bigbagsbobby,8oQoMhfBQnRspn7QtNAq2aPThRE4q94kLSTwaaFQvRgs,/avatars/8oQoMhfBQnRspn7QtNAq2aPThRE4q94kLSTwaaFQvRgs.png
gr3g,https://x.com/gr3gor14n,J23qr98GjGJJqKq9CBEnyRhHbmkaVxtTJNNxKu597wsA,/avatars/J23qr98GjGJJqKq9CBEnyRhHbmkaVxtTJNNxKu597wsA.png
Pain,https://x.com/ipaincharts,GEpM1SmE8ExgznJwyZX64F2Mv5LLFgvBCxm5zNWYUXL4,/avatars/GEpM1SmE8ExgznJwyZX64F2Mv5LLFgvBCxm5zNWYUXL4.png
JB,https://x.com/JbTheQuant,JBrYniqfp9ZVWdrkhMEX2LNGBpYJ673Tzh2m3XsS14p7,/avatars/JBrYniqfp9ZVWdrkhMEX2LNGBpYJ673Tzh2m3XsS14p7.png
Sebastian,https://x.com/Saint_pablo123,3BLjRcxWGtR7WRshJ3hL25U3RjWr5Ud98wMcczQqk4Ei,/avatars/3BLjRcxWGtR7WRshJ3hL25U3RjWr5Ud98wMcczQqk4Ei.png
Enjooyer,https://x.com/0xEnjooyer,Enjoy9BmQgAUD9AKC4HpUbHByVdzwp7jQppKukEvdyWm,/avatars/Enjoy9BmQgAUD9AKC4HpUbHByVdzwp7jQppKukEvdyWm.png
Sweep,https://x.com/0xSweep,GP9PyTwGybX3q3tC5dMRKeuq8Dr15uPVvn3Z9fKbempH,/avatars/GP9PyTwGybX3q3tC5dMRKeuq8Dr15uPVvn3Z9fKbempH.png
dingaling,https://x.com/dingalingts,9X5n5i1mugTjgGPhqf1KJDt8r4kD8TF3s62ttbxKzFHa,/avatars/9X5n5i1mugTjgGPhqf1KJDt8r4kD8TF3s62ttbxKzFHa.png
xander,https://x.com/xandereef,B3wagQZiZU2hKa5pUCj6rrdhWsX3Q6WfTTnki9PjwzMh,/avatars/B3wagQZiZU2hKa5pUCj6rrdhWsX3Q6WfTTnki9PjwzMh.png
ozark,https://x.com/ohzarke,DZAa55HwXgv5hStwaTEJGXZz1DhHejvpb7Yr762urXam,/avatars/DZAa55HwXgv5hStwaTEJGXZz1DhHejvpb7Yr762urXam.png
Exy,https://x.com/eth_exy,8hKZKqCgZWxnvRz1XAvmbuzCAfqo5xFjH17vM2J2HTe1,/avatars/8hKZKqCgZWxnvRz1XAvmbuzCAfqo5xFjH17vM2J2HTe1.png
Unipcs (aka 'Bonk Guy'),https://x.com/theunipcs,5M8ACGKEXG1ojKDTMH3sMqhTihTgHYMSsZc6W8i7QW3Y,/avatars/5M8ACGKEXG1ojKDTMH3sMqhTihTgHYMSsZc6W8i7QW3Y.png
FINN,https://x.com/finnbags,BTeqNydtKyDaSxQNRm8ByaUDPK3cpQ1FsXMtaF1Hfaom,/avatars/BTeqNydtKyDaSxQNRm8ByaUDPK3cpQ1FsXMtaF1Hfaom.png
Lectron,https://x.com/LectronNFT,Gv8YFCU9WESGpN6fcGKG9nirqcyF9wVZAqnQ1DjrsfcE,/avatars/Gv8YFCU9WESGpN6fcGKG9nirqcyF9wVZAqnQ1DjrsfcE.png
Don,https://x.com/doncaarbon,winkACDSxstg19HJgX1pwDGpD8f2ZpiqqAjyAbkgXLu,/avatars/winkACDSxstg19HJgX1pwDGpD8f2ZpiqqAjyAbkgXLu.png
Sizeab1e,https://x.com/sizeab1e,AtmeWwb6Y6KNDgu2dPJT5dsar84bFCbNxLiW2DyYfm8p,/avatars/AtmeWwb6Y6KNDgu2dPJT5dsar84bFCbNxLiW2DyYfm8p.png
oscar,https://x.com/oscarexitliq,AeLb2RpVwrqKZJ87PEiFdReiEXJXACQn17c8APQS1FHx,/avatars/AeLb2RpVwrqKZJ87PEiFdReiEXJXACQn17c8APQS1FHx.png
printer,https://x.com/prxnterr,Bu8iZsGvS5dwuY3GiEDjUSDayEME7LthH4x7TRGTnMXA,/avatars/Bu8iZsGvS5dwuY3GiEDjUSDayEME7LthH4x7TRGTnMXA.png
Bronsi,https://x.com/Bronsicooks,4ud45nGBqtBptQPyoVtcLCCCs1Evh1zLsVVLMmDQn2JW,/avatars/4ud45nGBqtBptQPyoVtcLCCCs1Evh1zLsVVLMmDQn2JW.png
staticc,https://x.com/staticctrades,9pgKiUsNHXMe5p4DoGwzT9i6of7XympnNJ5TgbrZVqk6,/avatars/9pgKiUsNHXMe5p4DoGwzT9i6of7XympnNJ5TgbrZVqk6.png
Zil,https://x.com/zilxbt,FSAmbD6jm6SZZQadSJeC1paX3oTtAiY9hTx1UYzVoXqj,/avatars/FSAmbD6jm6SZZQadSJeC1paX3oTtAiY9hTx1UYzVoXqj.png
Publix,https://x.com/Publixplayz,86AEJExyjeNNgcp7GrAvCXTDicf5aGWgoERbXFiG1EdD,/avatars/86AEJExyjeNNgcp7GrAvCXTDicf5aGWgoERbXFiG1EdD.png
Thurston (zapped arc),https://x.com/itsthurstxn,ALauG4FwEYDgSXd5Hen6kvuWSCdUi2fYNSNqM1Ci31wE,/avatars/ALauG4FwEYDgSXd5Hen6kvuWSCdUi2fYNSNqM1Ci31wE.png
guappy,https://x.com/guappy_eth,3TsRAE3Pdx4eJAcxbiwi9NY8mNYChEkjV5DbAwazFKSq,/avatars/3TsRAE3Pdx4eJAcxbiwi9NY8mNYChEkjV5DbAwazFKSq.png
bihoz,https://x.com/bihozNFTs,An68XCxJvfXc9NRWjNXGSFY55dyFVKjfgtpt8AKGJ2dE,/avatars/An68XCxJvfXc9NRWjNXGSFY55dyFVKjfgtpt8AKGJ2dE.png
Hesi,https://x.com/hesikillaz,FpD6n8gfoZNxyAN6QqNH4TFQdV9vZEgcv5W4H2YL8k4X,/avatars/FpD6n8gfoZNxyAN6QqNH4TFQdV9vZEgcv5W4H2YL8k4X.png
Giann,https://x.com/Giann2K,FpD6n8gfoZNxyAN6QqNH4TFQdV9vZEgcv5W4H2YL8k4X,/avatars/GNrmKZCxYyNiSUsjduwwPJzhed3LATjciiKVuSGrsHEC.png
jamessmith,https://x.com/luckedhub,EQaxqKT3N981QBmdSUGNzAGK5S26zUwAdRHhBCgn87zD,/avatars/EQaxqKT3N981QBmdSUGNzAGK5S26zUwAdRHhBCgn87zD.png
Putrick,https://x.com/Putrickk,AVjEtg2ECYKXYeqdRQXvaaAZBjfTjYuSMTR4WLhKoeQN,/avatars/AVjEtg2ECYKXYeqdRQXvaaAZBjfTjYuSMTR4WLhKoeQN.png
M A M B A üß≤,https://x.com/mambatrades_,4nvNc7dDEqKKLM4Sr9Kgk3t1of6f8G66kT64VoC95LYh,/avatars/4nvNc7dDEqKKLM4Sr9Kgk3t1of6f8G66kT64VoC95LYh.png
psyk√∏,https://x.com/psykogem,FC3nyVqdufVfrgXiRJEqgST1JdJSEBEz6a9KoBfFP7c4,/avatars/FC3nyVqdufVfrgXiRJEqgST1JdJSEBEz6a9KoBfFP7c4.png
MoneyMaykah,https://x.com/moneymaykah_,3i8akM4xfSX9WKFB5bQ61fmiYkeKQEFqvdMEyu6pSEk9,/avatars/3i8akM4xfSX9WKFB5bQ61fmiYkeKQEFqvdMEyu6pSEk9.png
EvansOfWeb,https://x.com/EvansOfWeb3,5RQEcWJZdhkxRMbwjSq32RaocgYPaWDhi3ztimWUcrwo,/avatars/5RQEcWJZdhkxRMbwjSq32RaocgYPaWDhi3ztimWUcrwo.png
Owl,https://x.com/OwlFN_,A5uxHmjTVyBd1Aj4BFUAekujpPjaWnCrLSRJhjAyvjH4,/avatars/A5uxHmjTVyBd1Aj4BFUAekujpPjaWnCrLSRJhjAyvjH4.png
Sebi,https://x.com/limpcritisism,DxwDRWxQXDaVZquH3YvCVBQ75nUf16FttQ4q88okn5mc,/avatars/DxwDRWxQXDaVZquH3YvCVBQ75nUf16FttQ4q88okn5mc.png
gambles.sol,https://x.com/mastern0de3,GAH2TKPtu7HSpbCkBMANPCDBSSaRFeSwoScfFRVF7oHa,/avatars/GAH2TKPtu7HSpbCkBMANPCDBSSaRFeSwoScfFRVF7oHa.png
Inside Calls,https://x.com/insidecalls,4NtyFqqRzvHWsTmJZoT26H9xtL7asWGTxpcpCxiKax9a,/avatars/4NtyFqqRzvHWsTmJZoT26H9xtL7asWGTxpcpCxiKax9a.png
lucas,https://x.com/driz1x_,FkzekjMLgbXC8NuSQQ2u53rmdh3jhfAZr2psDouDYvfR,/avatars/FkzekjMLgbXC8NuSQQ2u53rmdh3jhfAZr2psDouDYvfR.png
Laanie,https://x.com/cryptolaanie,37Y6bz7AXpHHRzMHGMqGRxv8JMuHQCS2FFHrPZkUeRt2,/avatars/37Y6bz7AXpHHRzMHGMqGRxv8JMuHQCS2FFHrPZkUeRt2.png
B*,https://x.com/BeezyScores,3wZ6MfB1DRUvtozvcptvV1qAhQ5FKj3qpZR4Db45G6jk,/avatars/3wZ6MfB1DRUvtozvcptvV1qAhQ5FKj3qpZR4Db45G6jk.png
Ataberk üßô‚ôÇÔ∏è,,,
boogie,https://x.com/boogiepnl,75oEqXZC569dY1G6UweXviPz4pm8zkhKDSk2FT9Dug5i,/avatars/75oEqXZC569dY1G6UweXviPz4pm8zkhKDSk2FT9Dug5i.png
Kadenox,https://x.com/kadenox,B32QbbdDAyhvUQzjcaM5j6ZVKwjCxAwGH5Xgvb9SJqnC,/avatars/B32QbbdDAyhvUQzjcaM5j6ZVKwjCxAwGH5Xgvb9SJqnC.png
trav üéí,https://x.com/travonsol,CXnf4Tt7qFz3KZNwn3Yve5MKaRyxGoAy2eDX3QT8e99m,/avatars/CXnf4Tt7qFz3KZNwn3Yve5MKaRyxGoAy2eDX3QT8e99m.png
goob,https://x.com/goobfarmedyou,9BkauJdFYUyBkNBZwV4mNNyfeVKhHvjULb7cL4gFQaLt,/avatars/9BkauJdFYUyBkNBZwV4mNNyfeVKhHvjULb7cL4gFQaLt.png
Hash,https://x.com/Hashbergers,DNsh1UfJdxmze6T6GV9QK5SoFm7HsM5TRNxVuwVgo8Zj,/avatars/DNsh1UfJdxmze6T6GV9QK5SoFm7HsM5TRNxVuwVgo8Zj.png
Mr. Frog,https://x.com/TheMisterFrog,4DdrfiDHpmx55i4SPssxVzS9ZaKLb8qr45NKY9Er9nNh,/avatars/4DdrfiDHpmx55i4SPssxVzS9ZaKLb8qr45NKY9Er9nNh.png
Monki,https://x.com/m0nkicrypto,53BnNc49Ajgstciq3CRoyxuBpkkW1r8pgPyvr7JGYnsh,/avatars/53BnNc49Ajgstciq3CRoyxuBpkkW1r8pgPyvr7JGYnsh.png
Flames,https://x.com/FlamesOnSol,6aXFYXbFob1ZKAEDCcqZnX2vooA3TgEqDoy5dAQbeWoV,/avatars/6aXFYXbFob1ZKAEDCcqZnX2vooA3TgEqDoy5dAQbeWoV.png
Leens,https://x.com/leensx100,LeenseyyUU3ccdBPCFCrrZ8oKU2B3T2uToGGZ7eVABY,
Aroa,https://x.com/AroaOnSol,Aen6LKc7sGVPTyjMd5cu9B9XVjL7m9pnvAiP2ZNJC4GZ,/avatars/LeenseyyUU3ccdBPCFCrrZ8oKU2B3T2uToGGZ7eVABY.png
decu,https://x.com/notdecu,4vw54BmAogeRV3vPKWyFet5yf8DTLcREzdSzx4rw9Ud9,/avatars/4vw54BmAogeRV3vPKWyFet5yf8DTLcREzdSzx4rw9Ud9.png
Jijo,https://x.com/jijo_exe,4BdKaxN8G6ka4GYtQQWk4G4dZRUTX2vQH9GcXdBREFUk,/avatars/4BdKaxN8G6ka4GYtQQWk4G4dZRUTX2vQH9GcXdBREFUk.png
Danny,https://x.com/0xSevere,9FNz4MjPUmnJqTf6yEDbL1D4SsHVh7uA8zRHhR5K138r,/avatars/9FNz4MjPUmnJqTf6yEDbL1D4SsHVh7uA8zRHhR5K138r.png
Casino,https://x.com/casino616,8rvAsDKeAcEjEkiZMug9k8v1y8mW6gQQiMobd89Uy7qR,/avatars/8rvAsDKeAcEjEkiZMug9k8v1y8mW6gQQiMobd89Uy7qR.png
Trey,https://x.com/treysocial,831yhv67QpKqLBJjbmw2xoDUeeFHGUx8RnuRj9imeoEs,/avatars/831yhv67QpKqLBJjbmw2xoDUeeFHGUx8RnuRj9imeoEs.png
dv,https://x.com/vibed333,BCagckXeMChUKrHEd6fKFA1uiWDtcmCXMsqaheLiUPJd,/avatars/BCagckXeMChUKrHEd6fKFA1uiWDtcmCXMsqaheLiUPJd.png
Otta,https://x.com/ottabag,As7HjL7dzzvbRbaD3WCun47robib2kmAKRXMvjHkSMB5,/avatars/As7HjL7dzzvbRbaD3WCun47robib2kmAKRXMvjHkSMB5.png
sp,https://x.com/SolanaPlays,722tXm5uB5uuG2tC43uKHXQ7Pbyz75pTokEAJv9x5VTx,/avatars/722tXm5uB5uuG2tC43uKHXQ7Pbyz75pTokEAJv9x5VTx.png
WaiterG,https://x.com/Waiter1x,4cXnf2z85UiZ5cyKsPMEULq1yufAtpkatmX4j4DBZqj2,/avatars/4cXnf2z85UiZ5cyKsPMEULq1yufAtpkatmX4j4DBZqj2.png
Classic,https://x.com/simplyclassic69,DsqRyTUh1R37asYcVf1KdX4CNnz5DKEFmnXvgT4NfTPE,/avatars/DsqRyTUh1R37asYcVf1KdX4CNnz5DKEFmnXvgT4NfTPE.png
N‚Äôo,https://x.com/Nosa1x,Di75xbVUg3u1qcmZci3NcZ8rjFMj7tsnYEoFdEMjS4ow,/avatars/Di75xbVUg3u1qcmZci3NcZ8rjFMj7tsnYEoFdEMjS4ow.png
Letterbomb,https://x.com/ihateoop,BtMBMPkoNbnLF9Xn552guQq528KKXcsNBNNBre3oaQtr,/avatars/BtMBMPkoNbnLF9Xn552guQq528KKXcsNBNNBre3oaQtr.png
Robo,https://x.com/roboPBOC,4ZdCpHJrSn4E9GmfP8jjfsAExHGja2TEn4JmXfEeNtyT,/avatars/4ZdCpHJrSn4E9GmfP8jjfsAExHGja2TEn4JmXfEeNtyT.png
mercy,https://x.com/mercularx,F5jWYuiDLTiaLYa54D88YbpXgEsA6NKHzWy4SN4bMYjt,/avatars/F5jWYuiDLTiaLYa54D88YbpXgEsA6NKHzWy4SN4bMYjt.png
Tim,https://x.com/timmpix1,AJ6MGExeK7FXmeKkKPmALjcdXVStXYokYNv9uVfDRtvo,/avatars/AJ6MGExeK7FXmeKkKPmALjcdXVStXYokYNv9uVfDRtvo.png
peely üçå,https://x.com/0xpeely,BaLxyjXzATAnfm7cc5AFhWBpiwnsb71THcnofDLTWAPK,/avatars/BaLxyjXzATAnfm7cc5AFhWBpiwnsb71THcnofDLTWAPK.png
Te',https://x.com/TeTheGamer,8RrMaJXYwANd4zEskfPQuSYE35dTzaYtuwyKz3ewcZQx,/avatars/8RrMaJXYwANd4zEskfPQuSYE35dTzaYtuwyKz3ewcZQx.png
radiance,https://x.com/radiancebrr,FAicXNV5FVqtfbpn4Zccs71XcfGeyxBSGbqLDyDJZjke,/avatars/FAicXNV5FVqtfbpn4Zccs71XcfGeyxBSGbqLDyDJZjke.png
Saif,https://x.com/degensaif,BuhkHhM3j4viF71pMTd23ywxPhF35LUnc2QCLAvUxCdW,/avatars/BuhkHhM3j4viF71pMTd23ywxPhF35LUnc2QCLAvUxCdW.png
Yokai Ryujin,https://x.com/YokaiCapital,2w3zDW2e1KjYtM2pHTkgh78L8DjMrC6fuB9uhwKNigTs,/avatars/2w3zDW2e1KjYtM2pHTkgh78L8DjMrC6fuB9uhwKNigTs.png
bandit,https://x.com/bandeez,5B79fMkcFeRTiwm7ehsZsFiKsC7m7n1Bgv9yLxPp9q2X,/avatars/5B79fMkcFeRTiwm7ehsZsFiKsC7m7n1Bgv9yLxPp9q2X.png
Zinc,https://x.com/zinceth,EBjXstFQBBnXVFEXouqGfUxQFmaEHu6KFbxrZQkGbjru,/avatars/EBjXstFQBBnXVFEXouqGfUxQFmaEHu6KFbxrZQkGbjru.png
el charto,https://x.com/elchartox,CCUcjek5p6DLoH2YNtjizxYhAnStXAQAGVxhp1cYJF7w,/avatars/CCUcjek5p6DLoH2YNtjizxYhAnStXAQAGVxhp1cYJF7w.png
^1s1mple,https://x.com/s1mple_s1mple,AeLaMjzxErZt4drbWVWvcxpVyo8p94xu5vrg41eZPFe3,/avatars/AeLaMjzxErZt4drbWVWvcxpVyo8p94xu5vrg41eZPFe3.png
Lyxe,https://x.com/cryptolyxe,HLv6yCEpgjQV9PcKsvJpem8ESyULTyh9HjHn9CtqSek1,/avatars/HLv6yCEpgjQV9PcKsvJpem8ESyULTyh9HjHn9CtqSek1.png
Jack Duvalüåä,https://x.com/jackduvalstocks,BAr5csYtpWoNpwhUjixX7ZPHXkUciFZzjBp9uNxZXJPh,/avatars/BAr5csYtpWoNpwhUjixX7ZPHXkUciFZzjBp9uNxZXJPh.png
Padly,https://x.com/Padly1k,FQEXjVZPT7BqcZNVs82Q46LFPUevG7YoDiKpugpJaiCb,/avatars/FQEXjVZPT7BqcZNVs82Q46LFPUevG7YoDiKpugpJaiCb.png
kreo,https://x.com/kreo444,BCnqsPEtA1TkgednYEebRpkmwFRJDCjMQcKZMMtEdArc,/avatars/BCnqsPEtA1TkgednYEebRpkmwFRJDCjMQcKZMMtEdArc.png
TheDefiApe,https://x.com/TheDefiApe,ExKCuoAzJCgCVjU3CvNoL8vVrdESTWkx3ubj6rQXwQM4,/avatars/ExKCuoAzJCgCVjU3CvNoL8vVrdESTWkx3ubj6rQXwQM4.png
DJ.Œ£n,https://x.com/thisisdjen,Cxe1d5zFifK4a4UZoHQaCK7sfqd84XjcKy1qtjnz3bge,/avatars/Cxe1d5zFifK4a4UZoHQaCK7sfqd84XjcKy1qtjnz3bge.png
BagCalls,https://x.com/BagCalls,4AHgEkTsGqY77qtde4UJn9yZCrbGcM7UM3vjT3qM4G5H,/avatars/4AHgEkTsGqY77qtde4UJn9yZCrbGcM7UM3vjT3qM4G5H.png
Red,https://x.com/redwithbag,7ABz8qEFZTHPkovMDsmQkm64DZWN5wRtU7LEtD2ShkQ6,/avatars/7ABz8qEFZTHPkovMDsmQkm64DZWN5wRtU7LEtD2ShkQ6.png
bruce,https://x.com/onchainscammer,4xHGhy4r41XNEgeHpKSC725aZjy6tR5E92xNjs4odBPR,/avatars/4xHGhy4r41XNEgeHpKSC725aZjy6tR5E92xNjs4odBPR.png
Insentos,https://x.com/insentos,7SDs3PjT2mswKQ7Zo4FTucn9gJdtuW4jaacPA65BseHS,/avatars/7SDs3PjT2mswKQ7Zo4FTucn9gJdtuW4jaacPA65BseHS.png
danny,https://x.com/cladzsol,EaVboaPxFCYanjoNWdkxTbPvt57nhXGu5i6m9m6ZS2kK,/avatars/EaVboaPxFCYanjoNWdkxTbPvt57nhXGu5i6m9m6ZS2kK.png
zync (Èîå‰ªî),https://x.com/zyncxbt,zyncUiCSpP5zExdpvpRgx8twZ1AxTAqaeqtTVZ45ART,/avatars/zyncUiCSpP5zExdpvpRgx8twZ1AxTAqaeqtTVZ45ART.png
mog,https://x.com/10piecedawg,EtuuyC1njBScPtYFpuDP6mxdkfTcs9zbUbJGheHzof3t,/avatars/EtuuyC1njBScPtYFpuDP6mxdkfTcs9zbUbJGheHzof3t.png
Terp,https://x.com/OnlyTerp,HkFt55P3PhRWHXoTFeuvkKEE4ab26xZ1bk6UmXV88Pwz,/avatars/HkFt55P3PhRWHXoTFeuvkKEE4ab26xZ1bk6UmXV88Pwz.png
Prada,https://x.com/0xPradaa,gkNNf4NwkR61B1QKBFtELe6TVZFhYRaC2LbVkoNyCkB,/avatars/gkNNf4NwkR61B1QKBFtELe6TVZFhYRaC2LbVkoNyCkB.png
clukz,https://x.com/clukzSOL,G6fUXjMKPJzCY1rveAE6Qm7wy5U3vZgKDJmN1VPAdiZC,/avatars/G6fUXjMKPJzCY1rveAE6Qm7wy5U3vZgKDJmN1VPAdiZC.png
Ramset ‚úü,https://x.com/Ramsetx,71PCu3E4JP5RDBoY6wJteqzxkKNXLyE1byg5BTAL9UtQ,/avatars/71PCu3E4JP5RDBoY6wJteqzxkKNXLyE1byg5BTAL9UtQ.png
quant,https://x.com/quantgz,Fi2hrxExy6TJnKcbPtQpo6iZzX9SUVbB9mDw6d29NgCn,/avatars/Fi2hrxExy6TJnKcbPtQpo6iZzX9SUVbB9mDw6d29NgCn.png
Seee,https://x.com/tstar_frr1,9EfTigVxHuNjqzxiv3BQ7wD2v7uFvdRQbrrnDEPr8pTk,/avatars/9EfTigVxHuNjqzxiv3BQ7wD2v7uFvdRQbrrnDEPr8pTk.png
Limfork.eth,https://x.com/Limfork,BQVz7fQ1WsQmSTMY3umdPEPPTm1sdcBcX9sP7o6kPRmB,/avatars/BQVz7fQ1WsQmSTMY3umdPEPPTm1sdcBcX9sP7o6kPRmB.png
Zef,https://x.com/zefwashere,EjtQrPTbcMevStBkpnjsH23NfUCMhGHusTYsHuGVQZp2,/avatars/EjtQrPTbcMevStBkpnjsH23NfUCMhGHusTYsHuGVQZp2.png
Jdn,https://x.com/JadenOnChain,"Ed5UiSQnikJoFt3F8sDRwydX3x3VGXutZiabKT""])</script><script>self.__next_f.push([1,""FkXLF6",/avatars/Ed5UiSQnikJoFt3F8sDRwydX3x3VGXutZiabKTFkXLF6.png
CC2,https://x.com/CC2Ventures,B3beyovNKBo4wF1uFrfGfpVeyEHjFyJPmEBciz7kpnoS,
Spuno,https://x.com/spunosounds,GfXQesPe3Zuwg8JhAt6Cg8euJDTVx751enp9EQQmhzPH,/avatars/GfXQesPe3Zuwg8JhAt6Cg8euJDTVx751enp9EQQmhzPH.png
Meechie,https://x.com/973Meech,9iaawVBEsFG35PSwd4PahwT8fYNQe9XYuRdWm872dUqY,/avatars/9iaawVBEsFG35PSwd4PahwT8fYNQe9XYuRdWm872dUqY.png
fa1r,https://x.com/fa1rtrade,8ggkt7Y1SZzmsdcy6ZHTif6HvgAUv2dxJCbTFTGD67MV,/avatars/8ggkt7Y1SZzmsdcy6ZHTif6HvgAUv2dxJCbTFTGD67MV.png
bust,https://x.com/IAmAboutToBust,FzVQSzj8JJr6WMGqbUHzx2XH1KkrfxRrRPv6WcbbZmND,/avatars/FzVQSzj8JJr6WMGqbUHzx2XH1KkrfxRrRPv6WcbbZmND.png
profitier,https://x.com/profitierr,FbvUU5qvD9JsU9jp3KDweCpZiVZHLoQBQ1PPCAAbd6FB,/avatars/FbvUU5qvD9JsU9jp3KDweCpZiVZHLoQBQ1PPCAAbd6FB.png
Sue,https://x.com/sue_xbt,AXwssg5NjQodKofcLV6ypJL4R5usvysYt9q7YVwjEgAH,/avatars/AXwssg5NjQodKofcLV6ypJL4R5usvysYt9q7YVwjEgAH.png
Log,https://x.com/Log100x,2pUUZYtokRgDV2YzL6M5pjb1jyoHE367yU1sdQ7ac3ea,/avatars/2pUUZYtokRgDV2YzL6M5pjb1jyoHE367yU1sdQ7ac3ea.png
YOUNIZ,https://x.com/YOUNIZ_XLZ,DVM5U7yTFUT8TwerBq1afLopuSuFs1rRVCu3KpTJbHUa,/avatars/DVM5U7yTFUT8TwerBq1afLopuSuFs1rRVCu3KpTJbHUa.png
shah,https://x.com/shahh,7xwDKXNG9dxMsBSCmiAThp7PyDaUXbm23irLr7iPeh7w,/avatars/7xwDKXNG9dxMsBSCmiAThp7PyDaUXbm23irLr7iPeh7w.png
Advyth,https://x.com/Advyth,GEKZWL474tFAyYDUoTgKEgYuMxT3Se7HzKDDptrnXnvS,/avatars/GEKZWL474tFAyYDUoTgKEgYuMxT3Se7HzKDDptrnXnvS.png
i gamble your yearly salary,https://x.com/aightbet,KJXB1ot9nkCvq1ZD27vzNSBaPPCT82DpVnXrcwxftvY,/avatars/KJXB1ot9nkCvq1ZD27vzNSBaPPCT82DpVnXrcwxftvY.png
Rektober,https://x.com/rektober,3cG7d6GmX47HKSX5nWRX9MJpruCojbzUkak92gSXGtG5,/avatars/3cG7d6GmX47HKSX5nWRX9MJpruCojbzUkak92gSXGtG5.png
waste management,https://x.com/wastemanagem3nt,D2aXNmQgLnZFFoE8aSCZq1dBXKRDw29NoGY79jCscUmj,/avatars/D2aXNmQgLnZFFoE8aSCZq1dBXKRDw29NoGY79jCscUmj.png
Fabix,https://x.com/Fabix_R,DN7pYLSGYqHXwvPLh8tJM2zoJjhMSsNGVRVkMWVpredr,/avatars/DN7pYLSGYqHXwvPLh8tJM2zoJjhMSsNGVRVkMWVpredr.png
Ferb,https://x.com/ferbsol,m7Kaas3Kd8FHLnCioSjCoSuVDReZ6FDNBVM6HTNYuF7,/avatars/m7Kaas3Kd8FHLnCioSjCoSuVDReZ6FDNBVM6HTNYuF7.png
Dolo,https://x.com/doloxbt,5wcc13mXoyqe6qh2iHH5GFknojoJ7y13ZPx9K4NXTuo3,/avatars/5wcc13mXoyqe6qh2iHH5GFknojoJ7y13ZPx9K4NXTuo3.png
Polly,https://x.com/0xsushi,HtvLcCFehifb7G4j42JDn53zD7sQRiELF5WHzJzNvWMm,/avatars/HtvLcCFehifb7G4j42JDn53zD7sQRiELF5WHzJzNvWMm.png
Sully,https://x.com/sullyfromDeets,Ebk5ATdfrCuKi27dHZaw5YYsfREEzvvU8xeBhMxQoex6,/avatars/Ebk5ATdfrCuKi27dHZaw5YYsfREEzvvU8xeBhMxQoex6.png
Qtdegen,https://x.com/qtdegen,7tiRXPM4wwBMRMYzmywRAE6jveS3gDbNyxgRrEoU6RLA,/avatars/7tiRXPM4wwBMRMYzmywRAE6jveS3gDbNyxgRrEoU6RLA.png
Pandora,https://x.com/pandoraflips,UxuuMeyX2pZPHmGZ2w3Q8MysvExCAquMtvEfqp2etvm,/avatars/UxuuMeyX2pZPHmGZ2w3Q8MysvExCAquMtvEfqp2etvm.png
West,https://x.com/ratwizardx,JDd3hy3gQn2V982mi1zqhNqUw1GfV2UL6g76STojCJPN,/avatars/JDd3hy3gQn2V982mi1zqhNqUw1GfV2UL6g76STojCJPN.png
Profit,https://x.com/FlippingProfits,G5nxEXuFMfV74DSnsrSatqCW32F34XUnBeq3PfDS7w5E,/avatars/G5nxEXuFMfV74DSnsrSatqCW32F34XUnBeq3PfDS7w5E.png
Connor,https://x.com/Connoreo_,9EyPAMyQvXaUWFxd2uQHvG8vpkKs33YdXvDvwmRXrUiH,/avatars/9EyPAMyQvXaUWFxd2uQHvG8vpkKs33YdXvDvwmRXrUiH.png
OGAntD,https://x.com/0GAntD,215nhcAHjQQGgwpQSJQ7zR26etbjjtVdW74NLzwEgQjP,/avatars/215nhcAHjQQGgwpQSJQ7zR26etbjjtVdW74NLzwEgQjP.png
zoru,https://x.com/zoruuuuu,BrT5kYQ125u6NaRKFKNiBnHak6X7MvcZSQ3LfQCB3sqg,/avatars/BrT5kYQ125u6NaRKFKNiBnHak6X7MvcZSQ3LfQCB3sqg.png
kitty,https://x.com/0xkitty69,qP3Q8d4WWsGbqkTfyA9Dr6cAD7DQoBuxPJMFTK48rWU,/avatars/qP3Q8d4WWsGbqkTfyA9Dr6cAD7DQoBuxPJMFTK48rWU.png
Nach,https://x.com/NachSOL,9jyqFiLnruggwNn4EQwBNFXwpbLM9hrA4hV59ytyAVVz,/avatars/9jyqFiLnruggwNn4EQwBNFXwpbLM9hrA4hV59ytyAVVz.png
Fashr,https://x.com/FASHRCrypto,719sfKUjiMThumTt2u39VMGn612BZyCcwbM5Pe8SqFYz,/avatars/719sfKUjiMThumTt2u39VMGn612BZyCcwbM5Pe8SqFYz.png
Heyitsyolo,https://x.com/Heyitsyolotv,Av3xWHJ5EsoLZag6pr7LKbrGgLRTaykXomDD5kBhL9YQ,/avatars/Av3xWHJ5EsoLZag6pr7LKbrGgLRTaykXomDD5kBhL9YQ.png
Key,https://x.com/w3b3k3y,4Bdn33fA7LLZQuuXuFLSxtPWGAUnMBcreQHfh9MXuixe,/avatars/4Bdn33fA7LLZQuuXuFLSxtPWGAUnMBcreQHfh9MXuixe.png
wuzie,https://x.com/crypt0wu,Akht8EBJqFSLmhNR7Wdr53YmWjmb9URzbZYWY7FAJKeH,/avatars/Akht8EBJqFSLmhNR7Wdr53YmWjmb9URzbZYWY7FAJKeH.png
s0ber,https://x.com/whaIecrypto,Hq5TTULwwmDjGvzQukgujHQogZ5uFSCyYHpP756Uvyae,/avatars/Hq5TTULwwmDjGvzQukgujHQogZ5uFSCyYHpP756Uvyae.png
Scharo,https://x.com/XScharo,4sAUSQFdvWRBxR8UoLBYbw8CcXuwXWxnN8pXa4mtm5nU,/avatars/4sAUSQFdvWRBxR8UoLBYbw8CcXuwXWxnN8pXa4mtm5nU.png
Dali,https://x.com/SolanaDali,CvNiezB8hofusHCKqu8irJ6t2FKY7VjzpSckofMzk5mB,/avatars/CvNiezB8hofusHCKqu8irJ6t2FKY7VjzpSckofMzk5mB.png
Ethan Prosper,https://x.com/pr6spr,sAdNbe1cKNMDqDsa4npB3TfL62T14uAo2MsUQfLvzLT,/avatars/sAdNbe1cKNMDqDsa4npB3TfL62T14uAo2MsUQfLvzLT.png
LJC,https://x.com/OnlyLJC,6HJetMbdHBuk3mLUainxAPpBpWzDgYbHGTS2TqDAUSX2,/avatars/6HJetMbdHBuk3mLUainxAPpBpWzDgYbHGTS2TqDAUSX2.png
fl0wjoe,https://x.com/fl0wjoe,9v9Xsxxu2pi4cDkTHtyL1Rg417uga48R2VcCP4L1Pe9R,/avatars/9v9Xsxxu2pi4cDkTHtyL1Rg417uga48R2VcCP4L1Pe9R.png
killz,https://x.com/KillzzSol,9Wagwcs6HVtMHaaxBjUbE7AKmxeg9nzEDcvXhN8bydUG,/avatars/9Wagwcs6HVtMHaaxBjUbE7AKmxeg9nzEDcvXhN8bydUG.png
Stacker ‚úùÔ∏è,https://x.com/Stackeronsol,HbCxe8yWQJWnK3f3FX4oohgm87FZuPYD4Ydszqxgkwft,/avatars/HbCxe8yWQJWnK3f3FX4oohgm87FZuPYD4Ydszqxgkwft.png
Burixx üáÆüáπ,https://x.com/Burix_sol,A9aTuBuxoVY547n6hUBCq9oZm36LTJX9Kvn4NZXffXvp,/avatars/A9aTuBuxoVY547n6hUBCq9oZm36LTJX9Kvn4NZXffXvp.png
jester,https://x.com/thejester,4s2WzRLa35FB58bZY1i4CN3WoywJeuYrGYHnTKFsT23z,/avatars/4s2WzRLa35FB58bZY1i4CN3WoywJeuYrGYHnTKFsT23z.png
Ricco ü•Ä,https://x.com/RiccoRosas,7Gi4H4wugm2n3rRWa6BijsQPJV7sMardawTi2tXDL9zM,/avatars/7Gi4H4wugm2n3rRWa6BijsQPJV7sMardawTi2tXDL9zM.png
prosciutto,https://x.com/prosciuttosol,4EsY8HQB4Ak65diFrSHjwWhKSGC8sKmnzyusM993gk2w,/avatars/4EsY8HQB4Ak65diFrSHjwWhKSGC8sKmnzyusM993gk2w.png
Hugo Fartingale,https://x.com/HugoMartingale,Au1GUWfcadx7jMzhsg6gHGUgViYJrnPfL1vbdqnvLK4i,/avatars/Au1GUWfcadx7jMzhsg6gHGUgViYJrnPfL1vbdqnvLK4i.png
King,https://x.com/thekryptoking_,69z4qTgQ5DBRTJvnQzx2h8jZhNsv5UgADotEwwKUm2JS,/avatars/69z4qTgQ5DBRTJvnQzx2h8jZhNsv5UgADotEwwKUm2JS.png
Affu (aura farming),https://x.com/lethal_affu,BjNueAZDxLpwHnpMVZrB5b8DTTBHdmXtg1ZaRPCJ1yYJ,/avatars/BjNueAZDxLpwHnpMVZrB5b8DTTBHdmXtg1ZaRPCJ1yYJ.png
rayan,https://x.com/traderayann,BNahnx13rLru9zxuWNGBD7vVv1pGQXB11Q7qeTyupdWf,/avatars/BNahnx13rLru9zxuWNGBD7vVv1pGQXB11Q7qeTyupdWf.png
üá©üá¥ Jerry,https://x.com/0xJrmm,GmDXqHhXqfzEBErQqPft9xkznvgfkX6bcUT65MxQzNBj,/avatars/GmDXqHhXqfzEBErQqPft9xkznvgfkX6bcUT65MxQzNBj.png
Brox,https://x.com/ohbrox,7VBTpiiEjkwRbRGHJFUz6o5fWuhPFtAmy8JGhNqwHNnn,/avatars/7VBTpiiEjkwRbRGHJFUz6o5fWuhPFtAmy8JGhNqwHNnn.png
Cooker,https://x.com/CookerFlips,8deJ9xeUvXSJwicYptA9mHsU2rN2pDx37KWzkDkEXhU6,/avatars/8deJ9xeUvXSJwicYptA9mHsU2rN2pDx37KWzkDkEXhU6.png
0xJumpman,https://x.com/0xjumpman,8eioZubsRjFkNEFcSHKDbWa8MkpmXMBvQcfarGsLviuE,/avatars/8eioZubsRjFkNEFcSHKDbWa8MkpmXMBvQcfarGsLviuE.png
Chris ‚òïÔ∏è,https://x.com/ChrisCoffeeEth,CtUzwARj8A13M3hdJAXvsLkqJUfmFKqWzFXJPcq4MiMx,/avatars/CtUzwARj8A13M3hdJAXvsLkqJUfmFKqWzFXJPcq4MiMx.png
Jakey,https://x.com/SolJakey,B8kdogV1a39GPVpSiPjPdUGfFf8nx6EVexRMvdeiXB64,/avatars/B8kdogV1a39GPVpSiPjPdUGfFf8nx6EVexRMvdeiXB64.png
kilo,https://x.com/kilorippy,kiLogfWUXp7nby7Xi6R9t7u8ERQyRdAzg6wBjvuE49u,/avatars/kiLogfWUXp7nby7Xi6R9t7u8ERQyRdAzg6wBjvuE49u.png
Lowskii (believes),https://x.com/Lowskii_gg,41uh7g1DxYaYXdtjBiYCHcgBniV9Wx57b7HU7RXmx1Gg,/avatars/41uh7g1DxYaYXdtjBiYCHcgBniV9Wx57b7HU7RXmx1Gg.png
Pullup üó°Ô∏èüß£‚ú®,https://x.com/pullupso,65paNEG8m7mCVoASVF2KbRdU21aKXdASSB9G3NjCSQuE,/avatars/65paNEG8m7mCVoASVF2KbRdU21aKXdASSB9G3NjCSQuE.png
CoCo,https://x.com/CoCoCookerr,FqojC24nUn3x6oMQC2ypBHmtH7rFAnKS6DvwsJoCMaiv,/avatars/FqojC24nUn3x6oMQC2ypBHmtH7rFAnKS6DvwsJoCMaiv.png
AlxCooks,https://x.com/AlxCooks_off,89HbgWduLwoxcofWpmn1EiF9wEdpgkNDEyPjzZ72mkDi,/avatars/89HbgWduLwoxcofWpmn1EiF9wEdpgkNDEyPjzZ72mkDi.png
flock (6'3),https://x.com/flocko,F1WT79Jkw3BkBDUfCbrKKo15ghZNCEjvnjxQpiCfPuRM,/avatars/F1WT79Jkw3BkBDUfCbrKKo15ghZNCEjvnjxQpiCfPuRM.png
Ansem,https://x.com/blknoiz06,AVAZvHLR2PcWpDf8BXY4rVxNHYRBytycHkcB5z5QNXYm,/avatars/AVAZvHLR2PcWpDf8BXY4rVxNHYRBytycHkcB5z5QNXYm.png
Gh0stee,https://x.com/4GH0STEE,2kv8X2a9bxnBM8NKLc6BBTX2z13GFNRL4oRotMUJRva9,/avatars/2kv8X2a9bxnBM8NKLc6BBTX2z13GFNRL4oRotMUJRva9.png
Idontpaytaxes,https://x.com/untaxxable,2T5NgDDidkvhJQg8AHDi74uCFwgp25pYFMRZXBaCUNBH,/avatars/2T5NgDDidkvhJQg8AHDi74uCFwgp25pYFMRZXBaCUNBH.png
Mezoteric,https://x.com/mezoteric,EdDCRfDDeiiDXdntrP59abH4DXHFNU48zpMPYisDMjA7,/avatars/EdDCRfDDeiiDXdntrP59abH4DXHFNU48zpMPYisDMjA7.png
orangie,https://x.com/orangie,DuQabFqdC9eeBULVa7TTdZYxe8vK8ct5DZr4Xcf7docy,/avatars/DuQabFqdC9eeBULVa7TTdZYxe8vK8ct5DZr4Xcf7docy.png
MERK,https://x.com/MerkTrading,4jFPYSoUTRaFbFDJp9QpA1J5pXJmMJYoWhiFTpoLPq6X,/avatars/4jFPYSoUTRaFbFDJp9QpA1J5pXJmMJYoWhiFTpoLPq6X.png
polar,https://x.com/polarsterrr,GL8VLakj5AeAnkVNd4gQAkjXLqAzjeNbNXUQBdo8FwQG,/avatars/GL8VLakj5AeAnkVNd4gQAkjXLqAzjeNbNXUQBdo8FwQG.png
BIGWARZ,https://x.com/bigwarzeth,7bsTkeWcSPG6nzsbXucxV89YUULoSExNJdX2WqfLHwZ4,/avatars/7bsTkeWcSPG6nzsbXucxV89YUULoSExNJdX2WqfLHwZ4.png
King Solomon,https://x.com/0xsolomon,DEdEW3SMPU2dCfXEcgj2YppmX9H3bnMDJaU4ctn2BQDQ,/avatars/DEdEW3SMPU2dCfXEcgj2YppmX9H3bnMDJaU4ctn2BQDQ.png
Fawcette,https://x.com/Fawcette_,JBTJAkwqYR471nmeHqLSUaLezNz4Yx2wy9jYotveGnEm,/avatars/JBTJAkwqYR471nmeHqLSUaLezNz4Yx2wy9jYotveGnEm.png
h14,"https://x.com/H1""])</script><script>self.__next_f.push([1,""4onX","BJXjRq56""])</script><script>self.__next_f.push([1,""6xt66pcxCmCMLPSuNxyUpPNBdJGP56S7fMda",/avatars/BJXjRq566xt66pcxCmCMLPSuNxyUpPNBdJGP56S7fMda.png
para,https://x.com/paradilf,uS74rigLoPmKdi169RPUB4VSF6T9PqChTpG5jWzVhVp,
Little Mustacho üêï,https://x.com/littlemustacho,Huk3KuMLsLBZSer2n7MXmMPAJE1eKcr8dJS6DDoM3m8f,/avatars/Huk3KuMLsLBZSer2n7MXmMPAJE1eKcr8dJS6DDoM3m8f.png
Eddy üíπüß≤,https://x.com/EddyMetaX,DuGezKLZp8UL2aQMHthoUibEC7WSbpNiKFJLTtK1QHjx,/avatars/DuGezKLZp8UL2aQMHthoUibEC7WSbpNiKFJLTtK1QHjx.png
tech,https://x.com/technoviking46,5d3jQcuUvsuHyZkhdp78FFqc7WogrzZpTtec1X9VNkuE,/avatars/5d3jQcuUvsuHyZkhdp78FFqc7WogrzZpTtec1X9VNkuE.png
Legend,https://x.com/legend_calls,EgjCS3ULUCU5JN83XumirPr6171zvN5i6wc12SDiVGX3,/avatars/EgjCS3ULUCU5JN83XumirPr6171zvN5i6wc12SDiVGX3.png
Leck,https://x.com/LeckSol,98T65wcMEjoNLDTJszBHGZEX75QRe8QaANXokv4yw3Mp,/avatars/98T65wcMEjoNLDTJszBHGZEX75QRe8QaANXokv4yw3Mp.png
Tuults,https://x.com/tuults69,5T229oePmJGE5Cefys8jE9Jq8C7qfGNNWy3RVA7SmwEP,/avatars/5T229oePmJGE5Cefys8jE9Jq8C7qfGNNWy3RVA7SmwEP.png
SatsBuyer,https://x.com/Satsbuyer,BWQPaFCn5Fp5ok2x5W69wspbsgiRXuPPUYX8Zgnm7XeQ,/avatars/BWQPaFCn5Fp5ok2x5W69wspbsgiRXuPPUYX8Zgnm7XeQ.png
Fozzy,https://x.com/fozzycapone,B9oKseVKRntTvfADyaUoH7oVmoyVbBfUf4NKyQc4KK2D,/avatars/B9oKseVKRntTvfADyaUoH7oVmoyVbBfUf4NKyQc4KK2D.png
Goyim,https://x.com/goyimpnl,G3gZWqrYkNmYFKYCyfRCNtGuxdyuE2wiYKkZpiZn4WSS,/avatars/G3gZWqrYkNmYFKYCyfRCNtGuxdyuE2wiYKkZpiZn4WSS.png
Gake,https://x.com/Ga__ke,DNfuF1L62WWyW3pNakVkyGGFzVVhj4Yr52jSmdTyeBHm,/avatars/DNfuF1L62WWyW3pNakVkyGGFzVVhj4Yr52jSmdTyeBHm.png
jitter,https://x.com/jitterxyz,7PuHVAKDZ96s9P5FAt2eEdE8EYKxy9iUhvaLaMFqfCyj,/avatars/7PuHVAKDZ96s9P5FAt2eEdE8EYKxy9iUhvaLaMFqfCyj.png
Pow,https://x.com/traderpow,8zFZHuSRuDpuAR7J6FzwyF3vKNx4CVW3DFHJerQhc7Zd,/avatars/8zFZHuSRuDpuAR7J6FzwyF3vKNx4CVW3DFHJerQhc7Zd.png
Eric Cryptoman,https://x.com/EricCryptoman,EgnY4zmqXuaqodCLW366jjd2ecki6pvmMF74MkSxMFQW,/avatars/EgnY4zmqXuaqodCLW366jjd2ecki6pvmMF74MkSxMFQW.png
Chefin,https://x.com/Chefin100x,6Qs6joB349h7zu1z9xRgPgMSmpBYLDQb2wtAecY4LysH,/avatars/6Qs6joB349h7zu1z9xRgPgMSmpBYLDQb2wtAecY4LysH.png
0xMistBlade,https://x.com/0xMistBlade,14HDbSrjCJKgwCXDBXv8PGRGFaLrAqDBq2mCwSA46q5x,/avatars/14HDbSrjCJKgwCXDBXv8PGRGFaLrAqDBq2mCwSA46q5x.png
Issa,https://x.com/issathecooker,2BU3NAzgRA2gg2MpzwwXpA8X4CCRaLgrf6TY1FKfJPX2,/avatars/2BU3NAzgRA2gg2MpzwwXpA8X4CCRaLgrf6TY1FKfJPX2.png
Earl,https://x.com/earlTrades,F2SuErm4MviWJ2HzKXk2nuzBC6xe883CFWUDCPz6cyWm,/avatars/F2SuErm4MviWJ2HzKXk2nuzBC6xe883CFWUDCPz6cyWm.png
old,https://x.com/old,CA4keXLtGJWBcsWivjtMFBghQ8pFsGRWFxLrRCtirzu5,/avatars/CA4keXLtGJWBcsWivjtMFBghQ8pFsGRWFxLrRCtirzu5.png
Gorilla Capital,https://x.com/gorillacapsol,DpNVrtA3ERfKzX4F8Pi2CVykdJJjoNxyY5QgoytAwD26,/avatars/DpNVrtA3ERfKzX4F8Pi2CVykdJJjoNxyY5QgoytAwD26.png
Joji,https://x.com/metaversejoji,525LueqAyZJueCoiisfWy6nyh4MTvmF4X9jSqi6efXJT,/avatars/525LueqAyZJueCoiisfWy6nyh4MTvmF4X9jSqi6efXJT.png
Xelf,https://x.com/xelf_sol,9Vk7pkBZ9KFJmzaPzNYjGedyz8qoKMQtnYyYi2AehNMT,/avatars/9Vk7pkBZ9KFJmzaPzNYjGedyz8qoKMQtnYyYi2AehNMT.png
Zyaf,https://x.com/0xZyaf,F5TjPySiUJMdvqMZHnPP85Rc1vErDGV5FR5P2vdVm429,/avatars/F5TjPySiUJMdvqMZHnPP85Rc1vErDGV5FR5P2vdVm429.png
Beaver,https://x.com/beaverd,GM7Hrz2bDq33ezMtL6KGidSWZXMWgZ6qBuugkb5H8NvN,/avatars/GM7Hrz2bDq33ezMtL6KGidSWZXMWgZ6qBuugkb5H8NvN.png
Jay,https://x.com/BitBoyJay,HwRnKq7RPtKHvX9wyHsc1zvfHtGjPQa5tyZtGtbvfXE,/avatars/HwRnKq7RPtKHvX9wyHsc1zvfHtGjPQa5tyZtGtbvfXE.png
Bobby,https://x.com/retardmode,DBmRHNbSsVX8F6NyVaaaiuGdwo1aYGawiy3jfNcvXYSC,/avatars/DBmRHNbSsVX8F6NyVaaaiuGdwo1aYGawiy3jfNcvXYSC.png
GVQ,https://x.com/GVQ_xx,GVQtcYiQLy3tKNPGzPa81RsCKycam1zLTQSybdnDjMkF,/avatars/GVQtcYiQLy3tKNPGzPa81RsCKycam1zLTQSybdnDjMkF.png
Henn,https://x.com/henn100x,FRbUNvGxYNC1eFngpn7AD3f14aKKTJVC6zSMtvj2dyCS,/avatars/FRbUNvGxYNC1eFngpn7AD3f14aKKTJVC6zSMtvj2dyCS.png
0xWinged,https://x.com/0xExorcized,HrCPnDvDgbpbFxKxer6Pw3qEcfAQQNNjb6aJNFWgTEng,/avatars/HrCPnDvDgbpbFxKxer6Pw3qEcfAQQNNjb6aJNFWgTEng.png
Jidn,https://x.com/jidn_w,3h65MmPZksoKKyEpEjnWU2Yk2iYT5oZDNitGy5cTaxoE,/avatars/3h65MmPZksoKKyEpEjnWU2Yk2iYT5oZDNitGy5cTaxoE.png
Jordan,https://x.com/ohFrostyyy,EAnB5151L8ejp3SM6haLgyv3snk6oqc8acKgWEg9T5J,/avatars/EAnB5151L8ejp3SM6haLgyv3snk6oqc8acKgWEg9T5J.png
Dan176,https://x.com/176Dan,J2B5fnm2DAAUAGa4EaegwQFoYaN6B5FerGA5sjtQoaGM,/avatars/J2B5fnm2DAAUAGa4EaegwQFoYaN6B5FerGA5sjtQoaGM.png
Bolivian,https://x.com/_bolivian,5AyJw1VNDgTho2chipbVmuGqTuX1fCvVkLneChQkQrw8,/avatars/5AyJw1VNDgTho2chipbVmuGqTuX1fCvVkLneChQkQrw8.png
Loopierr,https://x.com/Loopierr,9yYya3F5EJoLnBNKW6z4bZvyQytMXzDcpU5D6yYr4jqL,/avatars/9yYya3F5EJoLnBNKW6z4bZvyQytMXzDcpU5D6yYr4jqL.png
Absol,https://x.com/absolquant,BXNiM7pqt9Ld3b2Hc8iT3mA5bSwoe9CRrtkSUs15SLWN,/avatars/BXNiM7pqt9Ld3b2Hc8iT3mA5bSwoe9CRrtkSUs15SLWN.png
Dex,https://x.com/igndex,mW4PZB45isHmnjGkLpJvjKBzVS5NXzTJ8UDyug4gTsM,/avatars/mW4PZB45isHmnjGkLpJvjKBzVS5NXzTJ8UDyug4gTsM.png
Assasin.eth,https://x.com/assasin_eth,6LChaYRYtEYjLEHhzo4HdEmgNwu2aia8CM8VhR9wn6n7,/avatars/6LChaYRYtEYjLEHhzo4HdEmgNwu2aia8CM8VhR9wn6n7.png
Bastille,https://x.com/BastilleBtc,3kebnKw7cPdSkLRfiMEALyZJGZ4wdiSRvmoN4rD1yPzV,/avatars/3kebnKw7cPdSkLRfiMEALyZJGZ4wdiSRvmoN4rD1yPzV.png
Latuche,https://x.com/Latuche95,GJA1HEbxGnqBhBifH9uQauzXSB53to5rhDrzmKxhSU65,/avatars/GJA1HEbxGnqBhBifH9uQauzXSB53to5rhDrzmKxhSU65.png
Carti The Menace,https://x.com/CartiTheMenace,3mPypxb7ViYEdLv4siFmESvY5w5ZKknwgmB4TPcZ77qe,/avatars/3mPypxb7ViYEdLv4siFmESvY5w5ZKknwgmB4TPcZ77qe.png
Angi,https://x.com/angitradez,AGnd5WTHMUbyK3kjjQPdQFM3TbWcuPTtkwBFWVUwiCLu,/avatars/AGnd5WTHMUbyK3kjjQPdQFM3TbWcuPTtkwBFWVUwiCLu.png
TIL,https://x.com/tilcrypto,EHg5YkU2SZBTvuT87rUsvxArGp3HLeye1fXaSDfuMyaf,/avatars/EHg5YkU2SZBTvuT87rUsvxArGp3HLeye1fXaSDfuMyaf.png
Value & Time,,,
Cented,https://x.com/Cented7,CyaE1VxvBrahnPWkqm5VsdCvyS2QmNht2UFrKJHga54o,/avatars/CyaE1VxvBrahnPWkqm5VsdCvyS2QmNht2UFrKJHga54o.png
ChartFu,https://x.com/ChartFuMonkey,7i7vHEv87bs135DuoJVKe9c7abentawA5ydfWcWc8iY2,/avatars/7i7vHEv87bs135DuoJVKe9c7abentawA5ydfWcWc8iY2.png
Daumen,https://x.com/daumenxyz,8MaVa9kdt3NW4Q5HyNAm1X5LbR8PQRVDc1W8NMVK88D5,/avatars/8MaVa9kdt3NW4Q5HyNAm1X5LbR8PQRVDc1W8NMVK88D5.png
Dutch,https://x.com/0xDutch_,"9vWutdTB""])</script><script>self.__next_f.push([1,""s66hWkeCmxaLFpkKy4q5RSe8DsFjfdxj5yFA",/avatars/9vWutdTBs66hWkeCmxaLFpkKy4q5RSe8DsFjfdxj5yFA.png
Euris,https://x.com/Euris_JT,DfMxre4cKmvogbLrPigxmibVTTQDuzjdXojWzjCXXhzj,/avatars/DfMxre4cKmvogbLrPigxmibVTTQDuzjdXojWzjCXXhzj.png
Hustler,https://x.com/JoeVargas,HUS9ErdrDqpqQePbmfgJUTnDTE6eZ8ES62a25RihSK9U,/avatars/HUS9ErdrDqpqQePbmfgJUTnDTE6eZ8ES62a25RihSK9U.png
Kev,https://x.com/Kevsznx,BTf4A2exGK9BCVDNzy65b9dUzXgMqB4weVkvTMFQsadd,/avatars/BTf4A2exGK9BCVDNzy65b9dUzXgMqB4weVkvTMFQsadd.png
Nyhrox,https://x.com/nyhrox,6S8GezkxYUfZy9JPtYnanbcZTMB87Wjt1qx3c6ELajKC,/avatars/6S8GezkxYUfZy9JPtYnanbcZTMB87Wjt1qx3c6ELajKC.png
Zrool,https://x.com/TheRealZrool,99i9uVA7Q56bY22ajKKUfTZTgTeP5yCtVGsrG9J4pDYQ,/avatars/99i9uVA7Q56bY22ajKKUfTZTgTeP5yCtVGsrG9J4pDYQ.png
Rev,https://x.com/solrevv,EgzjRCbcdRiPc1bW52tcvGDnKDbQWCzQbUhDBszD2BZm,/avatars/EgzjRCbcdRiPc1bW52tcvGDnKDbQWCzQbUhDBszD2BZm.png
Roxo,https://x.com/ignRoxo,AE3tJDEyUdwBM8ZoUb3iCo563gMbq26JtckfvjcVZbSa,/avatars/AE3tJDEyUdwBM8ZoUb3iCo563gMbq26JtckfvjcVZbSa.png
.exe,https://x.com/itoptick,42nsEk51owYM3uciuRvFerqK77yhXZyjBLRgkDzJPV2g,/avatars/42nsEk51owYM3uciuRvFerqK77yhXZyjBLRgkDzJPV2g.png
Jalen,https://x.com/RipJalens,F72vY99ihQsYwqEDCfz7igKXA5me6vN2zqVsVUTpw6qL,/avatars/F72vY99ihQsYwqEDCfz7igKXA5me6vN2zqVsVUTpw6qL.png
Yenni,https://x.com/Yennii56,5B52w1ZW9tuwUduueP5J7HXz5AcGfruGoX6YoAudvyxG,/avatars/5B52w1ZW9tuwUduueP5J7HXz5AcGfruGoX6YoAudvyxG.png
Scooter,https://x.com/imperooterxbt,9NL6thsiaoyDnm7XF8hEbMoqeG172WmG7iKYpygvjfgo,/avatars/9NL6thsiaoyDnm7XF8hEbMoqeG172WmG7iKYpygvjfgo.png
Sabby,https://x.com/sabby_eth,9K18MstUaXmSFSBoa9qDTqWTnYhTZqdgEhuKRTVRgh6g,/avatars/9K18MstUaXmSFSBoa9qDTqWTnYhTZqdgEhuKRTVRgh6g.png
S,https://x.com/runitbackghost,ApRnQN2HkbCn7W2WWiT2FEKvuKJp9LugRyAE1a9Hdz1,/avatars/ApRnQN2HkbCn7W2WWiT2FEKvuKJp9LugRyAE1a9Hdz1.png
Mitch,https://x.com/idrawline,4Be9CvxqHW6BYiRAxW9Q3xu1ycTMWaL5z8NX4HR3ha7t,/avatars/4Be9CvxqHW6BYiRAxW9Q3xu1ycTMWaL5z8NX4HR3ha7t.png
Rizz,https://x.com/sollrizz,BPWsae36tY6oFz7f5MjsfTGqzi3ttM1AsAtjMvUb91tT,/avatars/BPWsae36tY6oFz7f5MjsfTGqzi3ttM1AsAtjMvUb91tT.png
The Doc,https://x.com/KayTheDoc,DYAn4XpAkN5mhiXkRB7dGq4Jadnx6XYgu8L5b3WGhbrt,/avatars/DYAn4XpAkN5mhiXkRB7dGq4Jadnx6XYgu8L5b3WGhbrt.png
Betman,https://x.com/ImTheBetman,BoYHJoKntk3pjkaV8qFojEonSPWmWMfQocZTwDd1bcGG,/avatars/BoYHJoKntk3pjkaV8qFojEonSPWmWMfQocZTwDd1bcGG.png
Collectible,https://x.com/collectible,Ehqd8q5rAN8V7Y7EGxYm3Tp4KPQMTVWQtzjSSPP3Upg3,/avatars/Ehqd8q5rAN8V7Y7EGxYm3Tp4KPQMTVWQtzjSSPP3Upg3.png
Risk,https://x.com/risk100x,BHREKFkPQgAtDs8Vb1UfLkUpjG6ScidTjHaCWFuG2AtX,/avatars/BHREKFkPQgAtDs8Vb1UfLkUpjG6ScidTjHaCWFuG2AtX.png
cxltures,https://x.com/cxlturesvz,3ZtwP8peTwTfLUF1rgUQgUxwyeHCxfmoELXghQzKqnAJ,/avatars/3ZtwP8peTwTfLUF1rgUQgUxwyeHCxfmoELXghQzKqnAJ.png
Orange,https://x.com/OrangeSBS,2X4H5Y9C4Fy6Pf3wpq8Q4gMvLcWvfrrwDv2bdR8AAwQv,/avatars/2X4H5Y9C4Fy6Pf3wpq8Q4gMvLcWvfrrwDv2bdR8AAwQv.png
Michi,https://x.com/michibets,8YYDiCbPd4nM8TxrQEVdPA4aG8jys8R7Z1kKsgPL4pwh,/avatars/8YYDiCbPd4nM8TxrQEVdPA4aG8jys8R7Z1kKsgPL4pwh.png
evening,https://x.com/eveningbtc,E7gozEiAPNhpJsdS52amhhN2XCAqLZa7WPrhyR6C8o4S,/avatars/E7gozEiAPNhpJsdS52amhhN2XCAqLZa7WPrhyR6C8o4S.png
Obijai,https://x.com/Obijai,5dhKiVtynZVDWGgvAFrz9mPPU1VNKkaMrcbrjKMtoANw,/avatars/5dhKiVtynZVDWGgvAFrz9mPPU1VNKkaMrcbrjKMtoANw.png
shaka,https://x.com/solanashaka,4S8YBCt6hhi7Nr1NnKF6jF856LLN8JJFzD1a8nF5UuHA,/avatars/4S8YBCt6hhi7Nr1NnKF6jF856LLN8JJFzD1a8nF5UuHA.png
aloh,https://x.com/alohquant,FGVjsmD76HMcMa6NNzhwxZ2qpx25fGnAZT7zF2A3SWtH,/avatars/FGVjsmD76HMcMa6NNzhwxZ2qpx25fGnAZT7zF2A3SWtH.png
Lucas,https://x.com/LockedInLucas,6uwzmiSnR2vVwrh6EsQfuwSVk8ScqsfYkJPQQ2eydU2M,/avatars/6uwzmiSnR2vVwrh6EsQfuwSVk8ScqsfYkJPQQ2eydU2M.png
Damian Prosalendis,https://x.com/DamianProsa,AEeJUPCiGR3yCoukTh1G58o4LYsUEyzrXtfmfMc2kJMX,/avatars/AEeJUPCiGR3yCoukTh1G58o4LYsUEyzrXtfmfMc2kJMX.png
Fuzz,https://x.com/slfuzz,FUZZUhT5qKncddMxLnkeiN7Dh1CmSpWPScp55iexZ85t,/avatars/FUZZUhT5qKncddMxLnkeiN7Dh1CmSpWPScp55iexZ85t.png
JADAWGS,https://x.com/10xJDOG,3H9LVHarjBoZ2YPEsgFbVD1zuERCGwfp4AeyHoHsFSEC,/avatars/3H9LVHarjBoZ2YPEsgFbVD1zuERCGwfp4AeyHoHsFSEC.png
÷¥÷∂÷∏,https://x.com/fshmatt,B57ChV7Sa7FToRFsKWRWi5QPJJUn6cv4CuMQCzgw4VY2,/avatars/B57ChV7Sa7FToRFsKWRWi5QPJJUn6cv4CuMQCzgw4VY2.png
noob mini,https://x.com/noobmini_,AGqjivJr1dSv73TVUvdtqAwogzmThzvYMVXjGWg2FYLm,/avatars/AGqjivJr1dSv73TVUvdtqAwogzmThzvYMVXjGWg2FYLm.png
RUSKY ü™¨‚ö°Ô∏è,https://x.com/CryDevil23,J4rYYPEXHwYMvyNzVwRsTyaSVpHv4SXK6kQNGgvBdvc4,/avatars/J4rYYPEXHwYMvyNzVwRsTyaSVpHv4SXK6kQNGgvBdvc4.png
storm,https://x.com/stormtradez,Dxudj2DQ5odnqgZvUocaeWc1eYC78Q8vfmVtPpvTrRNh,/avatars/Dxudj2DQ5odnqgZvUocaeWc1eYC78Q8vfmVtPpvTrRNh.png
blixze ‚ô±,https://x.com/blixze,5vg7he5HibvsAW86wfiuP6jw7VwKmUAnP6P93mVCdpJu,/avatars/5vg7he5HibvsAW86wfiuP6jw7VwKmUAnP6P93mVCdpJu.png
kyz,https://x.com/kyzenill,72YiE4crBv2UhxRgRYKs4GaTGT2avbacfL4HNCfQLqsm,/avatars/72YiE4crBv2UhxRgRYKs4GaTGT2avbacfL4HNCfQLqsm.png
Hueno,https://x.com/HuenoZ,FWAmTVsmAjxYZe4Nt5ooLDg6AHHUx3ST3nz89oGSGu59,/avatars/FWAmTVsmAjxYZe4Nt5ooLDg6AHHUx3ST3nz89oGSGu59.png
Noah,https://x.com/Noahhcalls,6DwBGYF7JbLUmsMeAGn9ZMCv2sKF6s6UGAQtBkDzJtw4,/avatars/6DwBGYF7JbLUmsMeAGn9ZMCv2sKF6s6UGAQtBkDzJtw4.png
Dior,https://x.com/Dior100x,87rRdssFiTJKY4MGARa4G5vQ31hmR7MxSmhzeaJ5AAxJ,/avatars/87rRdssFiTJKY4MGARa4G5vQ31hmR7MxSmhzeaJ5AAxJ.png
Veloce,https://x.com/VeloceSVJ,2W14ahXD3XBfWJchQ4K5NLXmguWWcTTUTuHDhEzeuvP3,/avatars/2W14ahXD3XBfWJchQ4K5NLXmguWWcTTUTuHDhEzeuvP3.png
Frags,https://x.com/cryptofrags,C9hzBnbC36aq44SdkucwueUxHftCKgLqmo7L5VnsUxTW,/avatars/C9hzBnbC36aq44SdkucwueUxHftCKgLqmo7L5VnsUxTW.png
Achi,https://x.com/AchillesXBT,FPx2BavA7J2C7Nz6WpoPL9f5kDAKjxLb38PHNZMoxCra,/avatars/FPx2BavA7J2C7Nz6WpoPL9f5kDAKjxLb38PHNZMoxCra.png
asta,https://x.com/astaso1,AstaWuJuQiAS3AfqmM3xZxrJhkkZNXtW4VyaGQfqV6JL,/avatars/AstaWuJuQiAS3AfqmM3xZxrJhkkZNXtW4VyaGQfqV6JL.png
Al4n,https://x.com/Al4neu,2YJbcB9G8wePrpVBcT31o8JEed6L3abgyCjt5qkJMymV,/avatars/2YJbcB9G8wePrpVBcT31o8JEed6L3abgyCjt5qkJMymV.png
fomo üß†,https://x.com/fomomofosol,9FEHWFjgbYnFCRRHkesJNq6znHjc5Aaq7TiKi1rCVSnH,/avatars/9FEHWFjgbYnFCRRHkesJNq6znHjc5Aaq7TiKi1rCVSnH.png
deecayz ‚åê‚ó®-‚ó®,https://x.com/deecayz,Dv32u9mvSXGVNshf7xM7afuMoPRifQxzuzEjfmfMysZY,/avatars/Dv32u9mvSXGVNshf7xM7afuMoPRifQxzuzEjfmfMysZY.png
DRT üêÇ,https://x.com/pepeDRT,7K7itu678xAaUcuPQ2f3c2DcjirRjBY4HMTW1dx6hiL6,/avatars/7K7itu678xAaUcuPQ2f3c2DcjirRjBY4HMTW1dx6hiL6.png
0xBossman,https://x.com/0xBossman,BjYxVF81MgahqgahDTUEGzxzP7bZrA4p5Dg67Y4e3bXZ,/avatars/BjYxVF81MgahqgahDTUEGzxzP7bZrA4p5Dg67Y4e3bXZ.png
iconXBT,https://x.com/iconXBT,BjYxVF81MgahqgahDTUEGzxzP7bZrA4p5Dg67Y4e3bXZ,
Scrim,https://x.com/mircs,GBERKNpahPnBGmeUGWQVjGBDBj6CcJKpGz34FqegmTgu,/avatars/GBERKNpahPnBGmeUGWQVjGBDBj6CcJKpGz34FqegmTgu.png
Inquixit,https://x.com/inquixit,3L8RAxLkvwkz4CgHivaVRtq19741FAdGLk5DgjRfc1fW,/avatars/3L8RAxLkvwkz4CgHivaVRtq19741FAdGLk5DgjRfc1fW.png
yassir,https://x.com/yassirwtf,HFx9E1vvWyoMmiHuTMSAQ2GRkJ2N4snCUwhUMr83LLSs,/avatars/HFx9E1vvWyoMmiHuTMSAQ2GRkJ2N4snCUwhUMr83LLSs.png
woopigüßôüèª‚ôÇÔ∏è,,,
sarah milady,https://x.com/saracrypto_eth,AAMnoNo3TpezKcT7ah9puLFZ4D59muEhQHJJqpX16ccg,/avatars/AAMnoNo3TpezKcT7ah9puLFZ4D59muEhQHJJqpX16ccg.png
eq,https://x.com/404flipped,7w7f4P284zJhv3zotjCUmaNsZSsrHQKtpXGBJFq8gdzq,/avatars/7w7f4P284zJhv3zotjCUmaNsZSsrHQKtpXGBJFq8gdzq.png
Marcell,https://x.com/MarcellxMarcell,ATFRUwvyMh61w2Ab6AZxUyxsAfiiuG1RqL6iv3Vi9q2B,/avatars/ATFRUwvyMh61w2Ab6AZxUyxsAfiiuG1RqL6iv3Vi9q2B.png
Rüí´WDY,https://x.com/RowdyCrypto,DKgvpfttzmJqZXdavDwTxwSVkajibjzJnN2FA99dyciK,/avatars/DKgvpfttzmJqZXdavDwTxwSVkajibjzJnN2FA99dyciK.png
Cupsey,https://x.com/Cupseyy,2fg5QD1eD7rzNNCsvnhmXFm5hqNgwTTG8p7kQ6f3rx6f,/avatars/2fg5QD1eD7rzNNCsvnhmXFm5hqNgwTTG8p7kQ6f3rx6f.png
7,https://x.com/Soloxbt,FTg1gqW7vPm4kdU1LPM7JJnizbgPdRDy2PitKw6mY27j,/avatars/FTg1gqW7vPm4kdU1LPM7JJnizbgPdRDy2PitKw6mY27j.png
Maurits,https://x.com/mauritsneo,274vmGgKuYQp8Fxvb8n3cr9ZeY3SYM6LgeaXM6jS2nD6,/avatars/274vmGgKuYQp8Fxvb8n3cr9ZeY3SYM6LgeaXM6jS2nD6.png
Dolo ü•∑,https://x.com/Dolonomix,EeSx4wehRQhEbmbyFvfqA633v2P4C558bHh2ed7zgZh,/avatars/EeSx4wehRQhEbmbyFvfqA633v2P4C558bHh2ed7zgZh.png
chingchongslayer,https://x.com/chingchong6257,4uCT4g7YHH4xxfmfNfKUDenwGrRNGoZ9Ay1XFxfUGhQG,/avatars/4uCT4g7YHH4xxfmfNfKUDenwGrRNGoZ9Ay1XFxfUGhQG.png
Reljoo,https://x.com/Reljoooo,FsG3BaPmRTdSrPaivbgJsFNCCa8cPfkUtk8VLWXkHpHP,/avatars/FsG3BaPmRTdSrPaivbgJsFNCCa8cPfkUtk8VLWXkHpHP.png
Fizzwick Bramblewhistle,https://x.com/fizzwickBW,3pcmVZ1DwKbqnjbGbeg3FycThT1AkTpGQYB96jGU6oS1,/avatars/3pcmVZ1DwKbqnjbGbeg3FycThT1AkTpGQYB96jGU6oS1.png
Nilsüòà,https://x.com/nilsthedegen,FkL99xVBParNcPTjxnLdqFFCg3cvcR7NjCGkMgDPFfW3,/avatars/FkL99xVBParNcPTjxnLdqFFCg3cvcR7NjCGkMgDPFfW3.png
zurh,https://x.com/zurhxbt,HYgRa7NfuNhGZ7hsPix4N7evmmU5t5BTUUEoxwFcTKJD,/avatars/HYgRa7NfuNhGZ7hsPix4N7evmmU5t5BTUUEoxwFcTKJD.png
Fwasty,https://x.com/Fwasty,J15mCwMU8EeSvaiFTTyM8teCoxXf82aLUh6FgtDy5q1g,/avatars/J15mCwMU8EeSvaiFTTyM8teCoxXf82aLUh6FgtDy5q1g.png
Dedmeow5,https://x.com/dedmeow5,9THzoX5yGNSgPBAjCF4Lgqc1wLXoFkMQit4XWbhhRnqE,/avatars/9THzoX5yGNSgPBAjCF4Lgqc1wLXoFkMQit4XWbhhRnqE.png
Charlie,https://x.com/Charlduyomeme,14k7D9HA5zff4EmQD6QTPBqM25CRiEA7ZqTjM3fhypgz,/avatars/14k7D9HA5zff4EmQD6QTPBqM25CRiEA7ZqTjM3fhypgz.png
JinMu,https://x.com/LongzuAlpha,8tP391aDbKKpQS7eKnCEfnJ8Cmek6jatEe2LFkdJ2PRP,/avatars/8tP391aDbKKpQS7eKnCEfnJ8Cmek6jatEe2LFkdJ2PRP.png
Felix,https://x.com/Felixonchain,3uz65G8e463MA5FxcSu1rTUyWRtrRLRZYskKtEHHj7qn,/avatars/3uz65G8e463MA5FxcSu1rTUyWRtrRLRZYskKtEHHj7qn.png
Keano,https://x.com/nftkeano,Ez2jp3rwXUbaTx7XwiHGaWVgTPFdzJoSg8TopqbxfaJN,/avatars/Ez2jp3rwXUbaTx7XwiHGaWVgTPFdzJoSg8TopqbxfaJN.png
cryptovillain26,https://x.com/cryptovillain26,5sNnKuWKUtZkdC1eFNyqz3XHpNoCRQ1D1DfHcNHMV7gn,/avatars/5sNnKuWKUtZkdC1eFNyqz3XHpNoCRQ1D1DfHcNHMV7gn.png
Coasty,https://x.com/coasty_sol,CATk62cYqDFXTh3rsRbS1ibCyzBeovc2KXpXEaxEg3nB,/avatars/CATk62cYqDFXTh3rsRbS1ibCyzBeovc2KXpXEaxEg3nB.png
Nuotrix,https://x.com/Nuotrix,Aa5LycwALUjaGeLyqe7y2jLZX3QetYnZqyvW2bLpwc2Q,/avatars/Aa5LycwALUjaGeLyqe7y2jLZX3QetYnZqyvW2bLpwc2Q.png
Grimace,https://x.com/naughtygrimace,EA4MXkyF8C2NzY8fw2acJPuarmoU271KRCCAYpLzMBJr,/avatars/EA4MXkyF8C2NzY8fw2acJPuarmoU271KRCCAYpLzMBJr.png
Dragon,https://x.com/DragonOnSol,6SYhd67FqypKyNqd5iFikRhrmKAKcCwwurSYUAMNSH4r,/avatars/6SYhd67FqypKyNqd5iFikRhrmKAKcCwwurSYUAMNSH4r.png
Ban,https://x.com/Bancrypto__,8DGbkGgQewL9mx4aXzZCUChr7hBVXvPK9fYqSqc7Ajpn,/avatars/8DGbkGgQewL9mx4aXzZCUChr7hBVXvPK9fYqSqc7Ajpn.png
Iced,https://x.com/IcedKnife,DrJ6SnDXkEsPeGdmSs93v5rwWumv5QMvAGSZjAyWSd5o,/avatars/DrJ6SnDXkEsPeGdmSs93v5rwWumv5QMvAGSZjAyWSd5o.png
Zemrics,https://x.com/Zemrics,EP5mvfhGv6x1XR33Fd8eioiYjtRXAawafPmkz9xBpDvG,/avatars/EP5mvfhGv6x1XR33Fd8eioiYjtRXAawafPmkz9xBpDvG.png
Files,https://x.com/xfilesboy,DtjYbZntc2mEm1UrZHNcKguak6h6QM4S5xobnwFgg92Y,/avatars/DtjYbZntc2mEm1UrZHNcKguak6h6QM4S5xobnwFgg92Y.png
Crypto Chef,https://x.com/TheCryptoChefX,EbSjMKQ4GiAxawit6LuHBjDqhC5gYGQhbH2YpBerJiCJ,/avatars/EbSjMKQ4GiAxawit6LuHBjDqhC5gYGQhbH2YpBerJiCJ.png
Walta,https://x.com/Walta61,39q2g5tTQn9n7KnuapzwS2smSx3NGYqBoea11tBjsGEt,/avatars/39q2g5tTQn9n7KnuapzwS2smSx3NGYqBoea11tBjsGEt.png
lucky flash,https://x.com/flashcashy,2vXMy7EdkvU6SVzex1kfSeVhrBApC8WU4m9RQTTt4Ro4,/avatars/2vXMy7EdkvU6SVzex1kfSeVhrBApC8WU4m9RQTTt4Ro4.png
prettyover,https://x.com/prettyoverr,2e1w3Xo441Ytvwn54wCn8itAXwCKbiizc9ynGEv14Vis,/avatars/2e1w3Xo441Ytvwn54wCn8itAXwCKbiizc9ynGEv14Vis.png
Xanse.,https://x.com/Xanse_crypto,B9K2wTQcRDLRLhMKFyRh2hPqHrr6VKiCC9yNGpkMUXrh,/avatars/B9K2wTQcRDLRLhMKFyRh2hPqHrr6VKiCC9yNGpkMUXrh.png
Trenchman,https://x.com/trenchmanjames,Hw5UKBU5k3YudnGwaykj5E8cYUidNMPuEewRRar5Xoc7,/avatars/Hw5UKBU5k3YudnGwaykj5E8cYUidNMPuEewRRar5Xoc7.png
Bluey,https://x.com/Blueycryp,6TAHDM5Tod7dBTZdYQxzgJZKxxPfiNV9udPHMiUNumyK,/avatars/6TAHDM5Tod7dBTZdYQxzgJZKxxPfiNV9udPHMiUNumyK.png
Yugi,https://x.com/CryptoYugi0,4TCMpxeevymUtCemwcVozhBLWq8Fikc1pVpfcW9zp66B,/avatars/4TCMpxeevymUtCemwcVozhBLWq8Fikc1pVpfcW9zp66B.png
eezzyLIVE üß∏,https://x.com/notEezzy,DiDbxfveAcnescZWYjkVJzXiEWjskZKAFVTq2hrfHNjN,/avatars/DiDbxfveAcnescZWYjkVJzXiEWjskZKAFVTq2hrfHNjN.png
zhynx,https://x.com/onlyzhynx,zhYnXqK3MNSmwS3yxSvPmY5kUa1n2WUaCJgYUDrAHkL,/avatars/zhYnXqK3MNSmwS3yxSvPmY5kUa1n2WUaCJgYUDrAHkL.png
nich,https://x.com/nichxbt,nichQ7m3W37WJ9beNLZfTj27gLrjC7ddq4YguHufYas,/avatars/nichQ7m3W37WJ9beNLZfTj27gLrjC7ddq4YguHufYas.png
ItsVine,https://x.com/ItsVineSOL,ztRg1PdZbBQzMGbaz5UXqzaKX4frC82USoWiaVfohSv,/avatars/ztRg1PdZbBQzMGbaz5UXqzaKX4frC82USoWiaVfohSv.png
Rice,https://x.com/Ricecooker38,CWvdyvKHEu8Z6QqGraJT3sLPyp9bJfFhoXcxUYRKC8ou,/avatars/CWvdyvKHEu8Z6QqGraJT3sLPyp9bJfFhoXcxUYRKC8ou.png
crayohla,https://x.com/CrayohlaEU,GDoG4tdbx8qkpECQKF5MebbEDpFJn6H739psqgoTG3aN,/avatars/GDoG4tdbx8qkpECQKF5MebbEDpFJn6H739psqgoTG3aN.png
Sheep,https://x.com/imsheepsol,78N177fzNJpp8pG49xDv1efYcTMSzo9tPTKEA9mAVkh2,/avatars/78N177fzNJpp8pG49xDv1efYcTMSzo9tPTKEA9mAVkh2.png
Preston,https://x.com/prestonharty,HmtAZQn7U75jkAxrXNh8vRFCmjGjM3Q2WpiTHXoCJrUz,/avatars/HmtAZQn7U75jkAxrXNh8vRFCmjGjM3Q2WpiTHXoCJrUz.png
KennyLoaded,https://x.com/KennyLoaded,3BEtHGzhdWPtxSzqVsBorWpbi4jfMvD5cCZy1Qrtac7E,/avatars/3BEtHGzhdWPtxSzqVsBorWpbi4jfMvD5cCZy1Qrtac7E.png
Padre,https://x.com/PadrePrints,4Ff9dbi9L93qMvevpESY4YLHtdqTd8Yj8jXj3VwCNY4g,/avatars/4Ff9dbi9L93qMvevpESY4YLHtdqTd8Yj8jXj3VwCNY4g.png
merky,https://x.com/Merkytrades,ATpSExwhE2x1H7rv6Uoi4TJdzGz15LjDXNzhV6pjDVYi,/avatars/ATpSExwhE2x1H7rv6Uoi4TJdzGz15LjDXNzhV6pjDVYi.png
Storm,https://x.com/StormsTrades,EYBMFf8mUyvZobqX7bkaCrvZ6bHCYxeVjFHQ9v2bmtAy,/avatars/EYBMFf8mUyvZobqX7bkaCrvZ6bHCYxeVjFHQ9v2bmtAy.png
Baraka,https://x.com/baraka_wins,CUKFKdJw7F91bZBbtAJMrLLxqtVigVSJhx644EFnCnw,/avatars/CUKFKdJw7F91bZBbtAJMrLLxqtVigVSJhx644EFnCnw.png
Megga,https://x.com/Megga,H31vEBxSJk1nQdUN11qZgZyhScyShhscKhvhZZU3dQoU,/avatars/H31vEBxSJk1nQdUN11qZgZyhScyShhscKhvhZZU3dQoU.png
denzaa,https://x.com/denzzaaa,4X199Pq6etVAdmZf5zfbhAu18biucGip3jFZMj3qvCA8,/avatars/4X199Pq6etVAdmZf5zfbhAu18biucGip3jFZMj3qvCA8.png
arnz,https://x.com/arnzxbt,2G6CNJqfvGP3KWZXtV8rQHra3kxGK28nvzT6TjyWNtiJ,/avatars/2G6CNJqfvGP3KWZXtV8rQHra3kxGK28nvzT6TjyWNtiJ.png
cuban,https://x.com/oCubann,EcVgevcb8F3QsHuBg96wrCXwC3j2gnrhLr1Q21YULNk8,/avatars/EcVgevcb8F3QsHuBg96wrCXwC3j2gnrhLr1Q21YULNk8.png
Canis,https://x.com/Canissolana,AzXDG1LSULfMai1Rpw9uzMtk3osdK2vmeBWFYKjymSAo,/avatars/AzXDG1LSULfMai1Rpw9uzMtk3osdK2vmeBWFYKjymSAo.png
Art,https://x.com/ArtCryptoz,CgaA9a1JwAXJyfHuvZ7VW8YfTVRkdiT5mjBBSKcg7Rz5,/avatars/CgaA9a1JwAXJyfHuvZ7VW8YfTVRkdiT5mjBBSKcg7Rz5.png
‚ö´Ô∏è,https://x.com/jo5htheboss,13gj9sYDkj42PsC7koDk2cR9mj2YpVQxWvSBLcJcLkzG,/avatars/13gj9sYDkj42PsC7koDk2cR9mj2YpVQxWvSBLcJcLkzG.png
Iz,https://x.com/IzCryptoG,FH6jdKkoRg8MQKrtAUwiHq53FyCwoeNQ1ok4doFwGMUg,/avatars/FH6jdKkoRg8MQKrtAUwiHq53FyCwoeNQ1ok4doFwGMUg.png
milito,https://x.com/fnmilito,EeXvxkcGqMDZeTaVeawzxm9mbzZwqDUMmfG3bF7uzumH,/avatars/EeXvxkcGqMDZeTaVeawzxm9mbzZwqDUMmfG3bF7uzumH.png
wizard,https://x.com/w1zar9,Enc3exL84ixyt71fXzAaosn1A66K7bqfRgWUSB9KpMJw,/avatars/Enc3exL84ixyt71fXzAaosn1A66K7bqfRgWUSB9KpMJw.png
EustazZ,https://x.com/Eustazzeus,FqamE7xrahg7FEWoByrx1o8SeyHt44rpmE6ZQfT7zrve,/avatars/FqamE7xrahg7FEWoByrx1o8SeyHt44rpmE6ZQfT7zrve.png
Spike,https://x.com/NotSpikeG,FhsSfTSHok3ryVfyuLSD1t9frc4c1ymyCr3S11Ci718z,/avatars/FhsSfTSHok3ryVfyuLSD1t9frc4c1ymyCr3S11Ci718z.png
voyage,https://x.com/voyage940,BJeWdzF9HVeWHktxwS9u8FbCrdSDRrDoS3S9stLafdQJ,/avatars/BJeWdzF9HVeWHktxwS9u8FbCrdSDRrDoS3S9stLafdQJ.png
GK,https://x.com/Ygktgk,GxifJqkZv6CvgLVpcv5Z8tkqcCyVSWfUyvr2zCCjpEmV,/avatars/GxifJqkZv6CvgLVpcv5Z8tkqcCyVSWfUyvr2zCCjpEmV.png
PattyIce,https://x.com/patty_fi,6nhskL8RVpXzWXC7mcC1UXpe3ze2p6P6og1jXVGUW88s,/avatars/6nhskL8RVpXzWXC7mcC1UXpe3ze2p6P6og1jXVGUW88s.png
neko ‚âàüíßüå∏,https://x.com/n_ekox,7EQjTHVNHunhQHT7iRQDCR99mjDm2GvHyGKHVGzX8jv2,/avatars/7EQjTHVNHunhQHT7iRQDCR99mjDm2GvHyGKHVGzX8jv2.png
MACXBT,https://x.com/00MACXBT,ETU3GyrUsv6UztQJxHgsBX2UoJFmq79WJe3JyDpAqGMz,/avatars/ETU3GyrUsv6UztQJxHgsBX2UoJFmq79WJe3JyDpAqGMz.png
Cowboyüî∂BNB,https://x.com/feibo03,6EDaVsS6enYgJ81tmhEkiKFcb4HuzPUVFZeom6PHUqN3,/avatars/6EDaVsS6enYgJ81tmhEkiKFcb4HuzPUVFZeom6PHUqN3.png
Lunar cipher,https://x.com/Lunarc1pher,EtVEeqiKcf9Wgp38Z3L8HFi3heT4nPxsoDwe6cxwkqhc,/avatars/EtVEeqiKcf9Wgp38Z3L8HFi3heT4nPxsoDwe6cxwkqhc.png
peacefuldestroy,https://x.com/peacefuldestroy,8AtQ4ka3dgtrH1z4Uq3Tm4YdMN3cK5RRj1eKuGNnvenm,/avatars/8AtQ4ka3dgtrH1z4Uq3Tm4YdMN3cK5RRj1eKuGNnvenm.png
Jays,https://x.com/JaysOnEBT,By5huc2NCHjiA293DvstgNiQEEnmta2fkoyx86hsReTj,/avatars/By5huc2NCHjiA293DvstgNiQEEnmta2fkoyx86hsReTj.png
Mak,https://x.com/MakXBT,3SU8wjyKGsKZWdxVfak6gkApBqZ8twP613HDGc8Httzr,/avatars/3SU8wjyKGsKZWdxVfak6gkApBqZ8twP613HDGc8Httzr.png
Niners,https://x.com/Niners,2RyUYqX1VFoGdDSKm3brWV5c2bY4thXx1Wctz22uYS1p,/avatars/2RyUYqX1VFoGdDSKm3brWV5c2bY4thXx1Wctz22uYS1p.png
Exploitz,https://x.com/exploitzonsol,F5Tw3a3sUNXRUVabtKPE9C6mRxAoMnKDd8W2SLFQtAEB,/avatars/F5Tw3a3sUNXRUVabtKPE9C6mRxAoMnKDd8W2SLFQtAEB.png
Coler,https://x.com/ColerCooks,99xnE2zEFi8YhmKDaikc1EvH6ELTQJppnqUwMzmpLXrs,/avatars/99xnE2zEFi8YhmKDaikc1EvH6ELTQJppnqUwMzmpLXrs.png
Tom,https://x.com/tdmilky,CEUA7zVoDRqRYoeHTP58UHU6TR8yvtVbeLrX1dppqoXJ,/avatars/CEUA7zVoDRqRYoeHTP58UHU6TR8yvtVbeLrX1dppqoXJ.png
Pikalosi,https://x.com/pikalosi,9cdZg6xR4c9kZiqKSzqjn4QHCXNQuC9HEWBzzMJ3mzqw,/avatars/9cdZg6xR4c9kZiqKSzqjn4QHCXNQuC9HEWBzzMJ3mzqw.png
Lockiner,https://x.com/lockiner,ErhZ8c1DA68BUcxUBcLVrL4w457dU48dxNiqeehSGB5p,/avatars/ErhZ8c1DA68BUcxUBcLVrL4w457dU48dxNiqeehSGB5p.png
Exotic,https://x.com/74Exotic,Dwo2kj88YYhwcFJiybTjXezR9a6QjkMASz5xXD7kujXC,/avatars/Dwo2kj88YYhwcFJiybTjXezR9a6QjkMASz5xXD7kujXC.png
Sugus,https://x.com/SugusTrader,2octNbV8QTtaFMJtbWhtkqMQt3deBe4D8mYcNworhv3t,/avatars/2octNbV8QTtaFMJtbWhtkqMQt3deBe4D8mYcNworhv3t.png
Basel de‚Äô Medici,https://x.com/bassel_amin,8vPVTTpVamqRJKLhEQdupHTzGEJq23HE1pdC2Lic157t,/avatars/8vPVTTpVamqRJKLhEQdupHTzGEJq23HE1pdC2Lic157t.png
CryptoStacksss,https://x.com/CryptoStacksss,FEGu1issUaiWS7NhSNLwDYRudBSSUHaBenHF14qStv4W,/avatars/FEGu1issUaiWS7NhSNLwDYRudBSSUHaBenHF14qStv4W.png
Rich The Dev,https://x.com/Piana100x,FCt3Gyuqcoc4vHrnAYdxVbqSg3m1AyDHtaVZMN8TctPv,/avatars/FCt3Gyuqcoc4vHrnAYdxVbqSg3m1AyDHtaVZMN8TctPv.png
Toxic weast,https://x.com/Toxic_weast,DU323DieHUGPmYamp6A4Ai1V4YSYgRi35mGpzJGrjf7k,/avatars/DU323DieHUGPmYamp6A4Ai1V4YSYgRi35mGpzJGrjf7k.png
samsrep,https://x.com/samsrepx,CUHBzSPSaNS3tArEtM3maSV6pNdJhHJFYZpurPPK9P7H,/avatars/CUHBzSPSaNS3tArEtM3maSV6pNdJhHJFYZpurPPK9P7H.png
LUKEY ‚ú£,https://x.com/VERYKOOLLUKEY,DjM7Tu7whh6P3pGVBfDzwXAx2zaw51GJWrJE3PwtuN7s,/avatars/DjM7Tu7whh6P3pGVBfDzwXAx2zaw51GJWrJE3PwtuN7s.png
Killua,https://x.com/cryptokillua99,95TWoKkvv2z85EXBzd2z6NwbxH2f54AvwuCA9x3NoKep,/avatars/95TWoKkvv2z85EXBzd2z6NwbxH2f54AvwuCA9x3NoKep.png
dints,https://x.com/dintsfi,3PWGw2AmfR641mLLS1GhGSMcfbDft59EUFuvHf7TpDwU,/avatars/3PWGw2AmfR641mLLS1GhGSMcfbDft59EUFuvHf7TpDwU.png
chester,https://x.com/Chestererer,PMJA8UQDyWTFw2Smhyp9jGA6aTaP7jKHR7BPudrgyYN,/avatars/PMJA8UQDyWTFw2Smhyp9jGA6aTaP7jKHR7BPudrgyYN.png
jimmy,https://x.com/JIMMYEDGAR,HcpsFY1tDhuzEGGwuqyYy6PSi6hHEjGbFKMz4oA5BicY,
bradjae,https://x.com/bradjae,8Dg8J8xSeKqtBvL1nBe9waX348w5FSFjVnQaRLMpf7eV,
Cesco.Sol,https://x.com/Cesco_Sol,7wr4Hf1v72q9eYXRYYg4jpfud3QPL3xLQHFYkZqRMdo4,
fawi,https://x.com/freakyfawi,A3JBfM4aj2u5g5QdWzA6tVbFzCd8RpfL3jxCDHrM9Qn7,
AdamJae,https://x.com/Adam_JAE,4xUEz1saHSQv1yvo4MhFL3bYM7AVgp7Jq5HhLQwdUeBy,
cap,https://x.com/himothy,CAPn1yH4oSywsxGU456jfgTrSSUidf9jgeAnHceNUJdw,
‚ôû,https://x.com/onchainrapis1,BzRwSvwYeCERRqcTDmMj1c2yeYyTyHyJU7B9E5Aich9m,
saale,https://x.com/saale,SAALE2x3sn51EyahJyqD6913L3GqHZdZo3egUdMayQp,
Crypto Pirate,https://x.com/Crypt0Pirate_,8mp548ZBaSavzpTHVeytQ4XGpVpbVZx9p2UxVyAJvRxV,
Mayhem Bot,https://x.com/pumpfun,BwWK17cbHxwWBKZkUYvzxLcNQ1YVyaFezduWbtm2de6s,
Smokez,https://x.com/SmokezXBT,5t9xBNuDdGTGpjaPTx6hKd7sdRJbvtKS8Mhq6qVbo8Qz,
fz7,https://x.com/fz7,G2mgnzpr59vYjKpwU9q5zVfS9yQ9HezMwjuqF7LACvR4,
maybe,https://x.com/marekeacc,Gp9W8Qa2J1RQLvJNkJd8GDgqY16yAQfyzC4DiDZewKb7,
appie,https://x.com/appiesol_,7WaL6oKHAKtDtVBNHsSo61XenQFWsbd4KKrS5o1DWAjy,
Numer0 (trench/arc),https://x.com/Numerooo0,A3W8psibkTUvjxs4LRscbnjux6TFDXdvD4m4GsGpQ2KJ,
ram,https://x.com/ramonos,57rXqaQsvgyBKwebP2StfqQeCBjBS4jsrZFJN5aU2V9b,
lyftical,https://x.com/lyftical,951wq3qDowjKHaycrNaiRB5WpovYVKXnqhnrcKPh46zt,
Nikolas (aura arc),https://x.com/ArcNikolas,iPUp3qkm39ycMGbywWFMUyvaDhiiPGXeWXaDtmHNe6C,
k4ye,https://x.com/k4yeSol,5fHJszey2UdB2nETS1y6NS2wSG4ic9byKtbgJzaYzGeV,
Kaaox,https://x.com/xKaaox,GPryzRs7NshgCoxp382oYoye5PrfUBq8xE1CoEfNayNh,
rambo,https://x.com/goatedondsticks,2net6etAtTe3Rbq2gKECmQwnzcKVXRaLcHy2Zy1iCiWz,
yode,https://x.com/yodefv,J1XAE4onKYG1kTghgaytnyFgR3otQs1xEnJRRWM3djSQ,
TMH „É°„Çø,https://x.com/thememeshunterx,A38dM3RtNpewkwkWJeyj8C9c8yWtgaaAdh4Rdj1SXg3M,
Gasp,https://x.com/oh_gasp,xyzfhxfy8NhfeNG3Um3WaUvFXzNuHkrhrZMD8dsStB6,
sadizmed,https://x.com/sadizmed,xyzfhxfy8NhfeNG3Um3WaUvFXzNuHkrhrZMD8dsStB6,
theo,https://x.com/theonomix,Bi4rd5FH5bYEN8scZ7wevxNZyNmKHdaBcvewdPFxYdLt,
Clown,https://x.com/ClownsTrenches,EDXHdSFdadFbYFFjxPXBqMe1kCEDFqpPu552uvp48HR8,
Rem,https://x.com/yeaitsrem,3pfqebV65sHMbF5z86HsPKSiTxwpNhCzjK5X7GUqCbtK,
Pocket Hitlers,https://x.com/pockethitlers,9RrKUhRpbPDNxR7x88ZsCgdtqPHUfwYPjj4JdpV4FBj9,
hood,https://x.com/hoodscall,91sP85Ds9A4EXJ3gU3iHyLtUNJimxz8LrxRb2qhBNod9,
zeropnl,https://x.com/im0pnl,4xY9T1Q7foJzJsJ6YZDSsfp9zkzeZsXnxd45SixduMmr,
Zuki,https://x.com/zukiweb3,922VvmmYDHV9KMTJJ71Y5Yd3Vn7cfJuFasLNSsZPygrG,
PRINCESS,https://x.com/lifebyprincess,6vZenwrWzCE4aU59CP2SuAotjMHDU9FFcaNNkGXrnPoZ,
Rilsio,https://x.com/CryptoRilsio,4fZFcK8ms3bFMpo1ACzEUz8bH741fQW4zhAMGd5yZMHu,
Yami ìÉµ,https://x.com/YamiPNL,7Js5gmq57y9jG2sseKrAeJt3vbncSWSFFHDEsyJDnyVm,
dyor ( revenge arc ),https://x.com/dyorwgmi,AVmFMbuehLbCWB6sPdZGComwyrHtxJETZVktdA65j3Gq,
matsu,https://x.com/matsu_sol,9f5ywdCDA4QhSktBomozpHmZfSLqS6J9VqCrRehYWh1p,
CookDoc,https://x.com/CookDoc1993,Dvbv5TdAyPpJk16X9mUxWFVicYtCUxTLhuof8TGuUaRv,
Qavec,https://x.com/Qavecc,gangJEP5geDHjPVRhDS5dTF5e6GtRvtNogMEEVs91RV,
Toz,https://x.com/Cryptoze,Fza6jHuaxeJGj3pMtWdTuYs52BHstpnpGawg2SWEra9,
kitakitsune,https://x.com/kitakitsune,kita97U8XijSrkwoEa6ViskeJnP8mCYUTsusU5RyaN5,
bilo,https://x.com/chargememan,7sA5em1nTKmLvGm8H85cpgA9hM9YvCoPp729mwe6akhh,
jazz,https://x.com/youngjazzeth,3wDWKhxmvHaMwk2vc3aTgeY5oTqUnGhuDJgJfC9uyRKg,
slingoor,https://x.com/slingoorio,6mWEJG9LoRdto8TwTdZxmnJpkXpTsEerizcGiCNZvzXd,
proh,https://x.com/PR0H0S,FksF9AqK7UvkkuzDoHQxYiyk6APwpPAaRzXp5QG3FGqA,
Pavlo,https://x.com/pavlotrading,7NnaXghjuU92gM9kmwXysqa5HboyZuR2LTaBnvazFxSH,
Wabsie,https://x.com/wabsiee,3HRospuJFML9mDRYGvtr7Bw2Gewzd8bPPZzAy6Yqcm1T,
Roshi È¢®„Å®,https://x.com/roshi100x,"5JrDgnED5QFiaE8Znny2S9GwCeDK2pLYjM""])</script><script>self.__next_f.push([1,""fWmjKogs3w",
Divix,https://x.com/cryptodivix,FajxNukkjDLGXfB5V3L1msrU9qgzuzhN4s4YQfefSCKp,
Ducky,https://x.com/zXDuckyXz,ADC1QV9raLnGGDbnWdnsxazeZ4Tsiho4vrWadYswA2ph,
dns,https://x.com/DNS_ERR,2DG4vs36XHf3V9czMopZufUn8ton4tuf6atuRpP4Kowr,
Setora,https://x.com/Setora__,HTVupcGHvA8tXX5pHmmAxQ8eiFAJSJhYNQjer3zycLcU,
Guy,https://x.com/obeyguy,ELNFHkwb5W9RpxAac6SdJcgYi4wn7bPpPvd3LwfhR2Xx,
Hermes,https://x.com/coinsolmaxi,5dzH7gh5FjtrxUwtfBufJyTBA4fyCUGheZsdYQsE9vag,
Johnson,https://x.com/johnsoncooks101,J9TYAsWWidbrcZybmLSfrLzryANf4CgJBLdvwdGuC8MB,
Zeek,https://x.com/zeekbased,DUTpdjVjZ3XKqeU5WFE3HbkQ77ZSaSi3CseMkr9zkC6T,
Donuttcrypto,https://x.com/donuttcrypto,3wjyaSegfV7SZzjv9Ut1p6AcY5ZdoZjmu6i6QPCVvnmz,
marker,https://x.com/m4rk3r,CQervCdE3WAUGRmaTj9NHdbNrNGVsxJb68t3QggcntM2,
yeekidd,https://x.com/yeekiddd,88e2kBDJoN7eQCBj2sxT15etUZ3jPNzD4ijCs1TNySWJ,
trisha,https://x.com/trishhxy,4Dm3g5goQkaaXM4s7sphZzk8Vqb39j2mjhABrannMGmj,
Trench Guerilla,https://x.com/trenchguerilla,9St6ETbe3CFitw6UNSd8kg7kZ6STXy71wEGiERqQj89U,
narc,https://x.com/narracanz,CxgPWvH2GoEDENELne2XKAR2z2Fr4shG2uaeyqZceGve,
Boomer,https://x.com/boomerbuilds,4JyenL2p8eQZAQuRS8QAASy7TzEcqAeKGha6bhiJXudh,
Mike,https://x.com/mike8pump,A8i6J8B1DgVdQaoeyrCmc18473EzYocEtZGavHT4sXzw,
cuh,https://x.com/quarsays,8MTdDemnhinsXqd2S2SiGEwoPdvBK7nFX65XPYR3vg6j,
buka ·ö† ·õè ·ö≤,https://x.com/bukasphere,8T1HF5gr2fcULHv3j3nu4koGALCmc8puGGonggmwfg55,
J Spizzle,https://x.com/JSpizzleCrypto,4z3WtX32eehkmnaNNstZWyAuVBhj6cgpk5JtkdTa4m4A,
Jookiaus,https://x.com/JookCrypto,jsjsxPQQ8xoHvQ7ezhKiKWD8FnZe9txuRw3ewKRZUsb,
IÃ∂lÃ∑yÃ∂,https://x.com/rightily,5XVKfruE4Zzeoz3aqBQfFMb5aSscY5nSyc6VwtQwNiid,
Ray,https://x.com/23slyy,HvNqQBTfoiksyvzGR5rrNAv46DjeNgGNMTB5YZpYh16W,
Chairman ¬≤,https://x.com/Chairman_DN,Be24Gbf5KisDk1LcWWZsBn8dvB816By7YzYF5zWZnRR6,
ÂçÅ‰πùÂ≤ÅÁªøÂ∏ΩÂ∞ëÂπ¥üçÄ,https://x.com/19ys_GGboy,DzeSE8ZBNk36qqswcDxd8919evdH5upwyZ4u1yieQSkp,
Tally Í®ÑÔ∏é,https://x.com/tallxyyy,JAmx4Wsh7cWXRzQuVt3TCKAyDfRm9HA7ztJa4f7RM8h9,
omar,https://x.com/maghrrebi,Dgehc8YMv6dHsiPJVoumvq4pSBkMVvrTgTUg7wdcYJPJ,
xet,https://x.com/xet,9yGxZ43ngT7LvwquVdUAYPvJzVyY65cS6mQvuJXjTEUc,
Zoke,https://x.com/z0ke,6MrVEEBypwJuakxLQTeEvidCgM6LDLtfMQeWdnrjpobM,
Matt,https://x.com/MattFws,3bzaJd5yZG73EVDz8xosQb7gfZm2LN5auFGh6wnP1n1f,
racks,https://x.com/rackstm_,CM1dn5LZ21o6PQv3NQpQeEFPGGo9dNpSQ4eWQctmp17g,
trunoest,https://x.com/trunoest,ardinRsN1mNYVeoJWTBsWeYeXvuR9UUDGMsCDKpb6AT,
üëÄ,https://x.com/UniswapVillain,Ew6qBU7N34gRNgpgUwhJ3PgrtbPYpLYWLBEG5yuQTceD,
dxrnelljcl,https://x.com/dxrnell,3jzHjoPKaceZjA6AqAWka7Ghw9F3w9k9cvjGTmybdioT,
Domy,https://x.com/domyxbt,3LUfv2u5yzsDtUzPdsSJ7ygPBuqwfycMkjpNreRR2Yww,
Sanity,https://x.com/Sanity100x,5ruP877fu8sBshx9inDeHsVLjnJtgVBTbjnbupeDHYHH,
Solana degen,https://x.com/Solanadegen,9tY7u1HgEt2RDcxym3RJ9sfvT3aZStiiUwXd44X9RUr8,
Boru,https://x.com/boru_crypto,3rwzJNVRrprfTQD3xFgxRK279tVAhNBtGtQk4WdP6Lu2,
Pavel,https://x.com/pavelbtc,3jckt69SiN3aCMbBWJoDS1s4xxGpqNxFFKnwhpRAQmuL,
Zachary,https://x.com/Zakidge,4UcETfQsjwmUypYvp92BCsZunaW2k9y4J38yCVvjAa2D,
Aymory ‚ö°Ô∏è,https://x.com/Aymoryfun,9qdiDGhXrGqPN4CTGvyKwFKHrgJSGn836cjkVcGfPd6N,
Bottom Seller,https://x.com/bottomseller,BtUBxH7bEjmDJbgVLxjEK7ZX72XPeDKaeXFufXnGATna,
CameXBT,https://x.com/Camexbt,GYeXoqx9Ts7WWn565iUKU8ZmB4U9YtQPRphsDVvm23ZX,
Win All Day,https://x.com/winallday_,Gtg4qSMkxME783rNdwHYQ11DbQvoXgLodTBLAAa8G5C2,
Setsu,https://x.com/trenchersetsu,2k7Mnf2K3GhpB7hEVN1CFFeV4oNzzuCS5Q6SmcfAoLHd,
Mazino,https://x.com/Mazinotrenches,9r1BenK1nPvkZyD88q3e6bTKjfqDcLjxnXn9ovreDL52,
Ron,https://x.com/ronpf_,8JuRx7WEtgEwP6KqJ8s8FuaMfwbKUwthqFVhRQtP6Ehn,
Rozer,https://x.com/Rozer_,4hGiRipRQHS7c1b5fCHVv4fG7eK4XMtfmQZVkpvSkvoK,
set,https://x.com/Setuhx,62N1K57D37AUDGp68tnDYKPjGDsaAAtmo357nBtEtuR,
Thesis ‚úçÔ∏è,https://x.com/Theeesis,5S9qzJhSooakBaA9qZT6vWtoSy8FvyfxJ4t1vXvEK9G7,
rise_crypt,https://x.com/rise_crypt,AUEQxhkAVz71w2WBa9BYSoZrydhYNJaKmfNomoNs9E4t,
Dani,https://x.com/DaniWorldwide,AuPp4YTMTyqxYXQnHc5KUc6pUuCSsHQpBJhgnD45yqrf,
rez,https://x.com/rezthegreatt,FkRN9yF3Gysw3BVhUqAXJJMEGfKiJNaPQAWYWBErgDuN,
nad,https://x.com/NADGEMS,363sqMFaxZgvCoGzxKjXe1BqMGYkSVoCwmghZUndXuaT,
Dusty,https://x.com/guidustyy,3TAHqJMp1bo2G6okNSJs3UWc9SugYxiaB7AFPa3nARGX,
Megz ü¶â,https://x.com/DeltaXtc,CECN4BW4DKnbyddkd9FhWVR5dotzKhQr5p7DUPhQ55Du,
juicyfruity,https://x.com/juicyfruityy2,CUiUnLEhnXV6tUf6ZYw9jyWpF8CSToYyhxH4RSs2EZQZ,
Paper,https://x.com/stackppr,FwjYcbfktK8PC2bzCrqxR6QkUPxmHFbcFGNrz3YAV7ft,
Nilla,https://x.com/NillaGurilla,j38fhfqWsJyt8hzym48P8QMsXWx1FfLUxQwuor7Ti4o,
Rasta,https://x.com/rastacowboy2021,RaSSH7hMwLKtMT96xZyY4JwHRCCNYvvNeBh6AaFMqdA,
Banf,https://x.com/BanfSol,Fv8byBKV8jK8jxoUtgB1A1dqGcxSoN8x7bUZobP8Xn1d,
